936,352,80
920,344,88
912,344,80
905,344,95
911,351,103
926,331,97
928,349,96
928,359,123
908,353,141
891,339,137
888,330,123
894,334,145
902,342,182
910,356,204
912,366,214
912,374,205
907,387,205
909,392,224
917,407,273
925,421,296
928,419,277
937,416,236
944,429,261
935,462,322
928,492,361
936,508,368
944,512,345
937,519,350
917,528,401
897,531,442
888,533,466
882,537,486
866,555,496
851,565,537
837,576,626
827,578,655
814,586,658
797,594,626
754,598,648
703,587,716
665,570,769
633,583,721
592,612,756
548,590,744
522,576,792
477,579,792
444,604,796
405,640,838
358,639,816
318,617,808
264,648,792
240,672,840
209,664,762
162,679,790
108,643,785
68,633,740
28,632,757
-11,646,809
-50,662,755
-103,644,757
-151,607,727
-185,581,701
-217,557,696
-248,552,702
-291,558,704
-321,560,687
-350,543,674
-392,547,715
-424,541,731
-457,526,703
-502,500,639
-549,493,632
-582,496,629
-601,469,562
-621,439,529
-644,436,528
-668,432,528
-695,420,559
-719,401,562
-739,366,508
-762,341,482
-786,349,493
-806,365,479
-819,351,444
-829,314,370
-843,251,260
-846,208,199
-842,201,209
-848,178,144
-846,160,124
-842,165,140
-850,189,165
-857,214,225
-865,239,267
-876,231,293
-897,225,366
-906,236,354
-921,273,362
-935,281,307
-928,295,342
-936,280,303
-928,296,256
-920,336,296
-920,313,280
-928,282,303
-906,265,274
-882,264,294
-866,278,346
-871,273,429
-852,224,324
-835,256,377
-819,271,385
-816,285,435
-816,276,429
-792,260,400
-760,274,380
-735,320,513
-717,347,585
-701,336,565
-680,344,594
-667,372,708
-649,409,735
-626,419,739
-611,407,729
-599,413,792
-575,446,839
-556,472,803
-536,464,788
-512,448,811
-493,470,828
-466,521,782
-435,525,752
-413,453,778
-399,424,792
-372,493,820
-338,544,803
-307,521,824
-286,465,866
-259,464,888
-244,515,869
-222,524,812
-187,451,829
-160,420,946
-124,485,1006
-96,571,949
-52,529,909
-30,436,993
-13,418,1059
10,506,1065
34,524,911
66,459,900
104,370,985
120,433,1007
144,543,913
167,567,796
191,477,860
222,390,886
239,450,961
290,549,968
324,574,870
342,542,795
357,483,864
380,452,900
403,512,942
420,547,803
430,540,669
438,507,752
480,479,792
513,494,798
542,520,730
563,533,670
588,511,722
620,481,770
646,458,738
665,467,661
668,480,602
673,484,619
692,467,623
716,444,584
736,448,526
755,463,469
779,476,438
805,467,436
840,429,454
873,403,431
897,417,393
920,443,338
936,469,312
941,480,307
947,478,296
936,472,288
938,480,258
940,506,247
926,509,275
919,492,291
911,467,291
906,441,219
919,446,197
913,428,238
919,391,287
905,382,276
912,351,222
920,336,185
928,344,216
920,344,208
920,352,200
920,352,230
913,352,135
912,367,150
919,361,173
920,367,225
920,382,198
913,391,205
905,405,208
910,402,189
918,394,240
914,386,226
912,390,228
906,392,215
893,386,214
899,379,227
904,371,227
904,378,224
904,384,229
909,379,218
912,371,217
903,372,220
905,372,212
912,372,225
912,380,236
908,384,236
908,388,236
908,392,228
904,392,227
901,392,232
896,392,238
896,392,242
896,392,235
899,392,235
902,392,229
898,392,235
904,392,228
904,394,236
904,398,226
904,392,235
904,391,247
904,385,239
904,391,232
905,385,231
911,392,225
904,391,231
903,384,223
888,384,208
896,392,216
888,392,224
904,408,224
904,392,170
904,384,214
897,377,201
903,369,207
911,368,244
919,368,241
913,368,274
912,355,240
925,365,310
922,381,315
914,390,318
912,398,314
912,394,294
895,409,288
894,433,310
896,451,352
901,472,431
904,480,479
919,485,508
918,502,549
912,531,591
903,544,630
883,548,657
872,556,672
852,568,724
832,603,818
825,614,846
795,581,812
741,585,845
681,614,890
630,618,880
583,608,921
538,611,1000
494,629,1003
437,649,974
365,623,961
281,577,940
228,518,924
183,550,914
145,592,913
108,550,891
47,508,907
-8,526,904
-62,512,797
-110,505,721
-166,444,720
-228,401,635
-283,417,679
-338,439,654
-408,416,592
-456,392,560
-456,392,560
-495,400,537
-549,415,521
-604,379,460
-652,325,339
-685,270,157
-716,215,17
-727,181,-34
-728,123,-33
-728,79,-25
-728,91,103
-728,102,210
-740,98,250
-750,120,244
-763,162,223
-757,193,222
-741,184,278
-715,213,414
-668,314,497
-623,395,522
-594,349,542
-565,336,663
-539,445,807
-511,547,783
-484,509,766
-452,404,828
-413,460,894
-374,609,852
-338,607,776
-303,480,843
-261,463,944
-214,608,970
-172,669,836
-136,606,811
-86,499,886
-38,536,1010
-11,635,955
8,687,749
52,589,761
128,446,906
189,531,973
212,677,958
243,707,825
304,546,920
354,480,971
369,606,985
375,717,922
370,680,864
394,565,862
433,515,816
456,625,831
464,703,769
464,696,667
487,643,717
525,573,735
572,597,772
597,621,740
607,617,701
615,555,696
643,471,683
655,489,673
662,534,615
664,532,575
670,504,562
684,467,542
705,462,530
723,475,483
728,496,437
749,472,456
780,446,452
802,460,405
818,477,351
843,471,407
865,433,473
872,404,441
884,417,375
900,444,344
908,452,352
923,433,342
940,416,281
947,426,215
949,446,218
941,456,287
930,450,287
923,440,170
933,435,120
942,424,170
934,422,248
926,410,244
918,386,224
916,370,191
928,376,170
925,373,221
912,359,275
916,353,236
938,360,168
954,363,162
968,385,118
966,391,180
936,376,232
928,376,223
920,384,192
928,376,152
928,353,183
928,367,123
921,390,150
927,385,167
935,355,154
936,345,159
929,344,140
928,351,163
921,365,181
920,381,171
908,396,180
928,394,166
924,392,160
920,381,194
926,387,208
917,392,203
907,397,200
904,395,200
899,392,205
901,406,213
909,407,207
912,400,196
912,396,201
912,400,208
912,404,212
916,396,212
916,392,197
908,392,180
907,399,179
915,405,187
920,400,192
914,397,186
907,389,179
912,384,176
914,384,162
920,382,163
918,376,158
912,378,176
912,382,172
915,378,170
928,383,198
928,376,159
928,375,186
930,369,151
944,375,145
943,368,151
935,368,146
928,368,176
928,376,168
920,368,160
928,384,208
920,400,239
912,408,232
905,408,336
904,423,329
911,453,235
905,449,231
897,482,198
889,535,265
875,537,326
891,536,342
896,592,381
914,608,446
920,596,517
891,644,507
880,619,535
891,578,644
901,605,667
889,649,717
855,634,782
821,597,819
789,607,800
740,628,798
673,632,807
607,620,775
536,604,772
477,604,830
441,623,887
403,661,879
352,668,848
297,624,838
246,603,852
193,628,890
133,653,861
73,627,819
0,614,801
-72,599,777
-131,572,728
-196,560,650
-241,553,675
-284,533,656
-335,546,646
-376,515,599
-424,481,581
-477,438,503
-516,421,364
-556,392,192
-594,308,113
-618,254,128
-648,216,127
-664,216,88
-680,168,72
-672,129,173
-695,166,321
-703,243,276
-719,270,330
-727,251,343
-721,227,393
-686,204,414
-633,287,496
-598,369,584
-560,422,676
-533,401,659
-486,386,666
-448,490,872
-423,625,818
-394,642,696
-362,529,696
-341,533,859
-300,662,793
-255,695,737
-202,589,714
-148,560,781
-110,660,875
-79,698,805
-35,630,761
20,552,828
63,581,945
95,692,944
133,705,784
177,609,786
219,544,930
269,605,995
307,710,922
320,695,803
349,607,856
391,554,890
429,650,876
444,692,794
458,656,702
469,586,674
495,600,687
524,635,705
551,643,665
586,612,631
604,593,621
637,597,603
684,575,625
730,566,638
753,536,613
776,527,560
784,504,560
800,512,536
831,496,505
840,504,474
840,504,390
855,475,457
885,429,421
902,445,395
904,455,351
917,463,331
907,431,295
904,411,307
929,420,293
936,430,312
924,444,338
903,442,378
890,429,331
883,397,293
875,426,314
887,479,328
911,496,279
925,472,229
919,451,193
899,457,194
892,455,148
908,436,96
928,416,124
936,408,206
929,408,268
920,404,268
920,390,254
920,376,240
923,376,237
922,379,232
915,389,227
920,387,213
918,360,206
912,355,207
912,348,228
908,364,236
894,378,237
888,382,270
889,376,231
896,376,224
896,378,226
896,394,241
897,408,247
905,409,238
911,417,214
904,424,187
904,424,239
912,440,192
912,440,240
912,440,240
912,440,232
904,448,278
897,441,198
911,418,228
905,423,225
911,417,259
926,423,257
921,417,249
907,403,235
904,406,245
898,408,223
902,402,228
886,400,226
886,400,230
894,400,232
907,400,232
907,395,221
904,392,211
904,392,213
899,397,226
896,400,246
892,409,234
888,407,203
892,392,204
896,388,204
904,396,200
908,407,226
897,416,237
891,413,214
893,408,206
891,405,228
899,406,239
904,413,221
904,408,216
902,406,216
896,402,218
896,406,222
896,400,222
896,402,235
896,406,218
897,400,225
904,400,231
904,400,224
904,401,222
903,407,209
896,400,217
897,401,225
903,408,233
888,416,248
896,408,232
896,408,216
896,392,224
896,407,224
896,408,217
896,408,209
903,394,208
904,392,194
904,392,206
897,399,188
896,393,191
902,398,275
910,406,414
906,408,496
904,437,371
921,465,251
889,500,263
856,523,421
848,533,472
858,561,408
864,616,465
854,630,539
848,610,524
848,600,531
848,609,595
852,624,649
852,636,708
840,625,760
817,619,775
779,625,788
735,616,805
696,613,818
654,605,826
609,603,859
568,613,886
520,619,894
471,603,846
418,592,896
371,600,888
328,624,878
291,631,929
233,654,942
161,654,868
87,672,831
29,627,753
-37,608,790
-81,667,655
-160,683,588
-244,628,634
-298,576,662
-329,576,622
-376,560,544
-448,480,512
-487,387,380
-488,338,361
-540,329,263
-580,321,154
-627,241,108
-667,169,6
-686,160,12
-695,113,3
-696,104,85
-702,117,225
-716,157,343
-732,210,362
-754,253,372
-754,281,359
-746,294,408
-733,350,486
-717,413,533
-697,447,549
-668,456,582
-642,446,610
-595,472,662
-550,514,651
-523,515,620
-500,479,682
-468,488,724
-433,574,712
-405,606,690
-357,527,646
-292,467,644
-241,530,727
-190,598,790
-140,571,763
-88,573,823
-43,581,938
-4,625,941
33,659,898
62,631,881
90,584,845
129,598,920
168,656,856
206,687,821
243,667,809
302,600,835
339,612,939
363,696,886
390,687,738
452,590,762
513,562,782
537,601,735
560,640,696
592,600,656
608,546,664
646,567,656
693,538,716
740,521,640
758,549,518
760,573,602
780,549,602
817,517,567
824,545,527
818,558,482
835,523,367
858,494,360
876,482,409
897,486,418
904,494,321
904,474,275
909,453,272
912,433,267
917,429,239
925,442,214
928,448,236
924,444,247
920,436,231
920,436,216
920,432,196
932,432,199
937,444,227
924,452,236
920,449,235
920,430,227
917,413,190
915,405,143
923,392,123
931,376,141
934,376,148
928,378,167
930,380,140
940,364,126
948,354,140
934,360,198
927,360,160
921,360,155
928,360,132
927,360,159
921,360,205
927,361,183
919,368,174
912,369,146
920,384,176
912,376,176
912,384,176
912,400,184
904,392,192
911,407,207
919,408,201
913,408,200
912,408,193
912,408,199
912,401,193
905,407,205
898,408,202
896,396,206
896,404,262
890,396,221
888,403,200
894,419,211
896,413,194
896,413,205
896,416,216
896,411,211
896,403,203
896,400,205
900,404,190
908,399,193
908,396,212
904,396,200
904,396,226
886,396,250
871,399,220
887,408,213
893,405,214
888,400,221
897,403,210
909,408,203
907,405,221
912,400,238
910,402,214
904,408,206
902,406,204
896,402,214
898,408,208
903,408,208
897,409,208
903,415,209
897,410,219
905,423,234
911,415,186
904,408,209
904,408,217
904,408,232
896,416,216
904,408,216
896,416,208
904,416,200
904,416,200
889,416,215
895,402,202
903,400,179
911,414,196
899,403,220
896,393,211
896,398,214
896,406,216
896,408,216
896,402,216
902,406,210
893,402,202
899,400,205
909,395,166
912,392,159
902,372,178
896,374,217
891,398,231
901,404,269
895,409,356
888,416,412
896,428,376
911,448,201
932,471,-24
915,481,119
891,506,489
909,552,491
922,549,370
897,535,369
867,515,431
856,507,512
861,522,511
872,549,551
868,568,596
856,588,650
852,581,597
837,605,645
818,630,691
783,657,816
729,665,856
681,672,851
629,670,819
603,659,844
549,689,883
508,706,918
422,741,872
352,648,856
320,648,960
320,648,960
304,749,960
274,805,983
205,763,939
134,731,907
78,742,904
30,737,932
-10,729,854
-63,675,773
-105,586,669
-156,587,654
-205,561,551
-258,473,357
-313,395,269
-368,347,239
-423,308,137
-472,258,47
-530,203,-60
-588,179,-104
-638,146,-99
-675,95,-91
-693,67,-65
-709,86,64
-742,164,243
-781,270,283
-804,304,240
-808,276,232
-797,286,280
-770,323,325
-742,312,261
-715,299,295
-690,343,482
-660,400,571
-599,448,566
-542,442,510
-510,481,671
-481,527,697
-449,516,674
-396,467,683
-349,575,775
-304,648,787
-266,609,755
-231,589,829
-179,663,769
-144,696,743
-78,629,845
12,545,806
60,650,705
114,774,716
146,577,788
225,601,912
287,687,864
319,742,538
396,676,817
475,620,854
509,704,827
533,733,660
585,680,724
647,665,681
656,717,612
676,721,607
744,656,646
810,628,613
818,666,497
810,704,523
831,638,447
862,558,414
888,547,448
912,589,432
930,598,360
946,552,308
957,509,310
946,496,357
923,514,371
903,541,308
896,548,247
896,520,220
900,488,239
904,480,290
893,484,319
877,485,304
878,483,240
891,473,198
905,439,211
923,421,221
918,419,237
896,431,243
896,450,230
894,450,218
888,428,202
883,412,206
864,403,212
865,416,246
872,416,192
874,416,157
887,417,190
879,426,229
873,439,199
888,432,186
888,431,208
880,408,200
880,416,200
888,424,208
888,440,177
888,455,199
881,449,237
895,455,211
896,456,208
882,470,201
880,472,207
880,465,208
880,471,208
880,472,202
880,472,200
880,472,206
880,466,208
886,453,202
882,454,206
880,461,208
880,464,219
885,459,214
893,451,198
886,443,211
880,445,210
880,448,204
884,448,208
892,448,204
896,448,192
892,440,188
888,432,192
888,436,192
888,437,199
888,432,211
888,432,210
891,432,209
893,432,210
888,432,189
888,432,198
888,434,199
888,440,218
888,440,216
886,438,199
882,434,219
888,440,200
887,440,201
881,440,204
888,440,187
887,441,207
881,448,200
896,449,201
896,456,215
896,448,193
896,448,216
896,448,216
896,440,208
896,440,193
896,440,214
896,440,201
889,433,207
888,432,201
895,439,200
896,440,213
889,433,203
894,432,200
890,432,200
894,426,200
890,436,194
899,434,198
898,438,217
891,435,192
893,406,187
891,407,192
888,421,192
893,429,202
896,432,203
892,428,196
892,420,205
892,420,208
880,428,204
876,432,196
884,432,191
888,432,200
891,435,203
893,440,211
888,440,210
891,437,197
899,429,187
904,427,194
904,434,249
904,435,297
902,435,345
896,466,424
898,481,461
902,515,501
896,535,478
892,573,419
868,605,379
846,635,557
834,658,701
852,674,672
893,698,594
854,719,731
815,705,792
784,728,800
776,696,888
737,704,857
690,689,864
621,703,864
565,675,849
510,636,812
455,646,850
400,668,856
365,699,816
314,691,841
253,682,791
172,674,795
116,660,788
63,644,755
-9,611,675
-71,606,698
-120,608,693
-178,576,648
-231,560,637
-288,545,581
-350,531,539
-385,491,517
-441,482,504
-510,479,487
-565,439,439
-596,380,368
-619,352,255
-651,364,99
-682,343,1
-711,258,-59
-720,158,-112
-720,108,-45
-720,91,53
-720,107,126
-717,154,181
-710,220,210
-706,243,216
-712,226,220
-696,233,242
-635,326,277
-582,374,331
-535,355,489
-487,295,599
-427,324,606
-345,561,685
-290,718,673
-234,566,772
-173,560,983
-126,782,960
-94,899,661
-39,727,825
47,593,895
79,817,989
95,915,840
126,771,690
201,600,789
258,677,993
327,779,1016
336,860,866
336,759,747
388,567,826
444,617,861
462,727,870
446,698,733
487,592,741
550,526,737
590,601,728
605,678,631
650,628,637
697,536,674
727,539,601
741,574,504
763,570,495
798,529,543
829,517,495
840,565,374
856,596,332
884,580,402
900,553,435
908,543,333
915,562,241
920,566,251
917,534,277
909,498,281
901,488,271
896,488,224
894,486,219
890,471,215
902,446,234
918,432,244
912,404,251
912,390,224
909,384,191
897,385,187
904,393,198
904,404,174
906,430,101
920,415,75
921,402,107
926,424,146
896,424,190
904,440,120
920,472,128
920,472,128
936,464,97
928,449,111
906,411,201
911,437,128
905,447,99
904,476,124
918,473,128
920,485,135
913,495,156
918,490,147
908,482,132
886,468,104
874,458,72
866,462,47
858,464,34
867,464,43
856,464,16
853,459,-10
856,461,-6
856,464,-5
851,469,-13
848,476,-16
852,489,-16
864,500,-8
868,508,-4
860,516,0
856,524,-3
856,528,-23
859,525,-29
861,530,-24
856,541,-30
856,536,-46
853,536,-51
845,539,-32
840,542,-14
842,538,-6
848,552,2
850,584,14
858,621,43
864,671,70
865,703,28
875,741,23
886,773,98
870,808,103
854,872,32
838,937,-32
815,943,-29
798,929,7
759,945,-17
712,984,-56
672,992,-64
633,938,-17
594,913,-46
547,964,-160
508,953,-204
454,902,-265
406,868,-237
352,878,-266
291,887,-345
234,868,-458
180,800,-474
112,747,-478
42,700,-468
-11,664,-517
-47,610,-582
-78,553,-617
-120,509,-597
-147,480,-589
-152,452,-607
-152,410,-631
-138,406,-697
-105,448,-796
-75,454,-831
-64,427,-789
-60,399,-739
-52,372,-720
-40,356,-701
-17,374,-735
7,379,-772
26,342,-689
43,322,-614
54,315,-710
70,378,-1088
36,458,-1270
-66,406,-918
-123,406,-857
-184,465,-838
-235,490,-824
-272,492,-825
-300,471,-893
-315,437,-841
-328,425,-791
-327,433,-828
-319,442,-839
-309,454,-791
-288,443,-838
-287,464,-823
-273,465,-818
-281,479,-837
-296,456,-784
-280,464,-784
-280,480,-768
-280,464,-846
-272,464,-787
-250,486,-799
-233,488,-793
-218,495,-771
-230,503,-761
-232,490,-821
-219,488,-845
-223,481,-841
-237,480,-808
-252,480,-794
-256,486,-822
-250,494,-820
-248,496,-799
-242,479,-786
-235,472,-795
-227,477,-805
-214,475,-798
-208,472,-792
-203,482,-797
-205,483,-809
-217,480,-816
-224,476,-820
-220,480,-816
-216,484,-796
-216,484,-807
-205,477,-832
-199,453,-821
-198,437,-821
-181,426,-840
-176,407,-837
-173,389,-847
-171,384,-869
-181,384,-859
-197,386,-846
-210,392,-842
-216,394,-844
-214,402,-838
-208,412,-851
-208,426,-834
-208,433,-830
-207,443,-783
-200,458,-783
-200,473,-824
-201,481,-823
-209,488,-816
-216,488,-815
-216,488,-799
-216,488,-784
-208,496,-784
-208,504,-792
-224,496,-792
-232,504,-807
-239,504,-808
-240,504,-808
-269,511,-808
-258,498,-766
-256,510,-780
-243,512,-804
-247,492,-795
-229,494,-760
-218,502,-771
-228,504,-830
-238,498,-807
-246,496,-781
-248,496,-782
-248,501,-784
-248,509,-789
-248,507,-782
-258,509,-776
-264,512,-776
-264,512,-781
-264,512,-784
-264,512,-784
-264,512,-780
-260,508,-784
-260,504,-796
-264,504,-793
-268,508,-780
-269,509,-773
-264,504,-771
-264,510,-779
-267,517,-790
-272,512,-795
-272,512,-779
-270,512,-770
-266,512,-776
-270,512,-774
-266,510,-766
-272,506,-765
-272,510,-784
-271,504,-780
-264,504,-764
-265,504,-780
-272,504,-761
-272,503,-769
-272,497,-777
-273,504,-790
-280,504,-761
-280,512,-776
-272,512,-768
936,272,-144
928,272,-121
936,280,-150
929,280,-159
935,287,-145
957,281,-144
967,301,-137
961,290,-136
967,281,-136
955,280,-129
939,274,-109
924,260,-85
926,250,-146
916,260,-121
901,287,-110
902,346,-157
920,400,-236
944,416,-290
957,416,-324
965,451,-356
982,501,-392
1001,548,-385
1012,617,-332
1029,712,-287
1069,793,-251
1116,860,-224
1148,919,-231
1164,948,-270
1172,970,-261
1169,968,-189
1134,894,-142
1059,801,-119
951,729,-89
839,669,-53
769,616,-42
698,569,-57
639,529,-51
593,497,-91
504,446,-122
410,411,-128
318,392,-135
242,396,-172
211,419,-229
180,430,-258
161,418,-274
172,440,-293
212,511,-342
260,585,-412
314,594,-472
353,641,-463
376,680,-417
408,704,-471
424,743,-410
454,797,-263
486,822,-211
510,868,-164
533,915,-32
564,934,54
588,916,105
619,879,132
670,859,214
724,875,315
755,874,361
772,884,380
788,882,378
809,869,342
816,853,339
811,832,371
792,803,395
779,777,369
776,748,312
776,726,264
781,711,234
784,695,246
788,684,255
788,668,227
780,636,192
780,597,188
791,569,218
811,556,219
841,528,155
864,454,46
873,386,-43
891,385,-39
901,373,-8
907,297,42
913,238,133
975,157,236
1038,-56,131
1052,-248,-28
1040,-318,-68
1040,-402,-92
1047,-447,-140
1085,-475,-149
1112,-446,-102
1109,-429,-140
1085,-402,-168
1055,-347,-167
1039,-293,-151
1032,-252,-142
1024,-168,-106
1016,-152,-160
1000,-160,-128
984,-168,-112
969,-160,-74
975,-145,-50
983,-144,-121
984,-173,-149
977,-190,-159
983,-206,-174
1004,-228,-223
1015,-297,-225
1029,-318,-180
1032,-326,-205
1038,-292,-252
1034,-256,-323
1032,-214,-396
1026,-155,-466
1024,-104,-504
1019,-88,-523
1016,-47,-533
1011,-4,-551
1013,18,-546
1021,24,-531
1002,37,-492
971,74,-451
943,108,-419
912,128,-388
884,151,-368
857,168,-345
822,172,-335
783,173,-331
757,171,-312
740,176,-318
708,173,-319
680,171,-307
664,181,-302
662,194,-285
656,202,-289
656,208,-268
658,212,-250
669,231,-218
693,261,-166
718,281,-172
753,281,-251
808,237,-397
860,171,-465
890,138,-407
904,157,-340
906,211,-382
936,247,-359
928,224,-336
936,224,-337
976,232,-487
999,224,-550
1000,254,-499
1007,263,-444
1015,271,-469
1016,272,-472
1009,272,-423
1001,279,-457
1020,273,-497
1024,265,-465
1024,270,-424
1005,266,-410
1000,258,-396
982,250,-357
959,248,-338
946,259,-314
944,280,-320
944,309,-291
934,340,-257
918,396,-228
912,457,-183
931,512,-183
971,590,-209
1014,636,-199
1036,657,-147
1036,704,-108
1028,748,-116
1020,756,-146
1005,759,-172
985,778,-179
963,789,-187
941,775,-189
930,754,-210
898,744,-256
835,739,-282
777,718,-348
710,687,-362
607,672,-324
544,723,-308
482,822,-291
417,898,-282
342,1015,-329
244,1093,-347
125,1161,-218
3,1175,-84
-95,1215,-55
-156,1136,-47
-195,1046,-41
-234,896,-55
-281,739,-40
-328,560,-32
-352,520,72
-360,582,126
-368,516,52
-398,423,11
-422,423,30
-460,460,82
-471,513,109
-506,520,105
-552,547,111
-580,598,138
-641,652,93
-699,664,30
-730,652,-14
-777,601,-65
-775,532,-143
-779,501,-179
-779,523,-152
-781,557,-104
-789,573,-83
-782,581,-70
-771,594,-54
-768,600,-67
-764,613,-84
-747,602,-92
-719,576,-92
-692,564,-80
-661,552,-57
-625,533,-36
-601,509,-71
-592,493,-86
-592,501,-59
-583,517,-116
-559,500,-172
-533,480,-208
-504,477,-274
-469,499,-390
-413,603,-516
-376,723,-576
-330,770,-620
-250,822,-721
-185,808,-862
-113,779,-862
-33,795,-867
55,821,-749
158,905,-676
262,969,-591
315,972,-580
348,939,-534
402,982,-503
441,950,-334
464,888,-255
472,880,-153
557,981,-222
621,954,-247
669,915,-241
738,970,-87
808,1126,-122
851,1144,-114
836,1089,-160
765,1013,-155
700,948,-139
644,917,-85
601,862,-91
568,788,-90
560,727,-94
560,666,-148
571,620,-151
576,581,-149
597,542,-194
613,508,-170
626,496,-124
661,482,-131
708,467,-237
750,460,-295
777,439,-262
792,407,-228
812,388,-252
859,399,-369
925,401,-493
971,373,-536
987,353,-465
998,347,-358
1020,349,-424
1049,327,-593
1053,291,-623
1029,288,-508
1026,309,-434
1027,318,-435
1014,308,-443
1010,284,-523
1005,243,-590
965,221,-516
951,205,-476
947,183,-501
962,128,-535
980,75,-566
1011,37,-499
1033,4,-521
1050,-34,-529
1074,-65,-543
1113,-89,-518
1152,-128,-456
1184,-184,-368
1184,-184,-368
1168,-176,-314
1145,-191,-282
1114,-162,-243
1097,-131,-218
1075,-92,-245
1044,-46,-234
1033,8,-205
1025,23,-253
1004,57,-199
956,115,-203
913,153,-196
874,178,-168
835,196,-207
790,200,-247
748,206,-306
720,213,-306
691,227,-343
665,232,-373
671,252,-391
704,278,-414
734,293,-424
762,287,-455
793,289,-476
812,308,-493
840,312,-516
868,277,-570
854,233,-620
818,223,-648
803,212,-698
808,165,-735
814,133,-777
824,122,-786
832,109,-787
845,101,-816
838,98,-808
832,106,-747
832,118,-728
828,138,-712
812,151,-725
793,181,-678
765,206,-630
749,240,-573
736,282,-520
732,299,-509
701,325,-429
672,372,-407
672,418,-391
673,441,-383
688,464,-359
680,464,-336
672,440,-328
664,432,-297
664,432,-296
671,402,-363
672,364,-361
672,339,-303
686,329,-303
708,314,-352
752,279,-347
780,252,-351
778,204,-320
795,186,-411
812,172,-549
845,150,-508
856,144,-451
850,150,-496
864,157,-558
888,160,-623
906,160,-623
902,165,-603
910,182,-595
925,201,-624
937,212,-666
944,220,-689
956,224,-692
968,236,-668
968,252,-660
968,271,-690
972,299,-701
979,319,-664
987,338,-629
995,358,-621
1000,374,-601
995,389,-584
984,403,-590
984,410,-563
979,421,-550
964,432,-529
948,432,-492
934,434,-506
921,437,-509
895,427,-495
883,441,-475
856,446,-408
855,431,-402
846,419,-361
831,375,-365
814,367,-336
783,351,-340
768,336,-415
760,320,-384
752,256,-360
736,209,-376
698,185,-391
703,154,-385
711,145,-399
719,130,-407
720,142,-401
713,158,-414
719,167,-449
713,181,-482
699,171,-520
690,162,-522
694,142,-617
708,89,-689
712,20,-710
701,-28,-701
696,-51,-728
712,-56,-744
745,-25,-708
790,36,-644
837,126,-506
861,224,-321
851,313,-133
814,417,-31
809,518,-66
852,564,-184
899,568,-244
931,553,-273
948,540,-288
955,568,-211
976,581,-234
1000,534,-375
994,487,-407
976,445,-384
957,414,-413
947,385,-464
922,368,-504
882,362,-445
858,334,-378
835,302,-336
813,303,-354
800,335,-431
801,383,-453
814,487,-373
857,675,-213
925,768,-201
970,917,-278
991,1055,-344
974,1047,-342
936,1032,-312
919,1048,-304
865,1048,-296
802,1056,-296
770,1086,-228
716,1081,-120
661,1073,-61
613,1051,-49
580,1027,-69
569,1079,-120
495,981,-81
369,947,-33
274,868,84
200,854,50
130,687,38
30,479,46
-52,361,59
-100,353,36
-128,333,-19
-157,283,-61
-183,264,-36
-172,363,-130
-122,558,-367
-73,685,-540
-38,743,-638
-20,807,-715
-4,844,-786
24,820,-840
67,765,-848
118,718,-792
169,692,-680
237,695,-561
320,707,-438
389,709,-297
441,710,-225
477,753,-259
501,829,-264
530,871,-230
538,899,-157
544,877,-183
550,852,-236
577,868,-277
631,888,-281
738,929,-233
833,973,-277
921,1004,-299
928,1016,-267
925,954,-233
895,898,-243
878,837,-275
846,799,-322
815,783,-368
768,752,-352
728,712,-344
689,704,-305
665,681,-289
664,650,-281
649,582,-324
612,533,-314
587,507,-284
604,463,-191
621,456,-116
650,397,-137
694,314,-176
735,271,-159
774,240,-176
813,185,-184
864,128,-236
908,62,-295
947,24,-350
960,-26,-379
985,-130,-359
1044,-191,-339
1086,-277,-269
1115,-379,-196
1110,-452,-189
1074,-536,-165
1064,-559,-103
1072,-520,-76
1064,-469,-80
1052,-388,-80
1041,-315,-69
1029,-254,-49
1018,-195,-43
1002,-167,-72
986,-152,-124
971,-152,-166
957,-147,-229
947,-131,-287
941,-104,-315
950,-51,-304
944,-8,-331
955,18,-421
995,22,-453
1009,16,-498
1021,17,-476
1052,15,-494
1073,-42,-472
1078,-55,-413
1068,-45,-388
1107,-15,-353
1144,0,-357
1152,0,-294
1136,-8,-232
1128,-16,-248
1097,-8,-264
1096,45,-264
1074,41,-294
1014,25,-289
979,24,-295
941,10,-317
916,15,-340
872,3,-324
857,7,-340
837,2,-376
820,-6,-365
792,-44,-402
790,-80,-381
786,-134,-357
778,-163,-335
760,-103,-306
768,-40,-285
791,93,-249
820,195,-212
822,293,-176
811,427,-160
808,524,-138
804,574,-107
788,617,-113
760,648,-112
740,671,-88
736,699,-91
740,694,-136
744,672,-159
744,678,-133
747,685,-137
746,683,-161
739,685,-179
741,675,-202
734,662,-238
728,656,-234
728,650,-236
728,628,-234
728,611,-262
731,587,-248
745,565,-223
756,549,-252
780,535,-230
803,526,-218
827,513,-224
849,521,-156
858,528,-110
880,528,-81
888,528,-104
904,528,-96
896,504,-80
896,504,-80
896,496,-80
888,488,-72
873,466,-109
872,464,-90
879,450,-109
887,448,-133
888,434,-204
888,405,-209
875,407,-208
866,408,-195
858,420,-229
868,388,-240
860,358,-275
867,346,-271
878,355,-275
885,360,-264
883,328,-267
890,312,-287
911,322,-296
925,314,-282
923,295,-272
924,288,-281
932,284,-288
944,280,-288
956,276,-312
960,260,-317
956,233,-300
948,223,-315
941,232,-304
939,238,-278
941,248,-285
936,251,-286
933,253,-291
931,245,-293
934,240,-308
926,242,-285
918,246,-302
912,240,-316
912,240,-293
910,243,-264
905,256,-296
912,256,-296
913,255,-296
920,249,-298
920,255,-308
921,249,-273
928,256,-289
929,254,-292
944,216,-217
952,224,-240
976,216,-272
953,208,-225
952,216,-232
959,223,-210
953,217,-179
952,209,-162
945,215,-160
937,216,-112
936,209,-157
929,195,-109
928,192,-121
928,198,-147
934,206,-116
948,202,-116
969,229,-240
976,229,-294
971,240,-285
973,259,-269
966,264,-244
955,269,-252
942,272,-278
931,272,-307
924,268,-280
916,260,-205
912,260,-151
920,272,-140
928,272,-186
932,260,-243
929,235,-217
920,205,-155
930,206,-133
950,231,-143
960,265,-174
963,277,-176
965,264,-157
958,243,-147
952,232,-129
952,234,-112
956,236,-118
970,226,-132
974,232,-125
967,232,-135
959,233,-99
952,240,-116
953,239,-131
960,233,-96
961,241,-95
967,247,-87
960,239,-82
968,224,-112
960,224,-96
872,200,0
849,177,8
833,176,61
832,213,64
810,209,42
822,201,-3
866,221,-57
872,224,-84
879,217,-101
906,242,-137
931,248,-157
942,254,-148
944,262,-150
938,264,-146
930,275,-150
922,297,-124
920,293,-117
920,288,-136
925,288,-113
923,278,-111
915,296,-115
903,303,-117
896,292,-142
900,284,-160
904,276,-156
908,272,-148
908,280,-148
915,284,-156
939,280,-167
955,260,-169
963,229,-166
968,236,-179
962,247,-178
955,257,-149
955,301,-112
942,306,-107
938,330,-98
942,347,-96
934,388,-70
924,426,-55
912,432,-24
913,432,-23
916,439,-4
900,486,57
923,576,77
943,629,181
943,598,289
1009,552,288
913,220,169
936,-12,-117
920,-161,-287
968,-239,-201
984,-224,-91
984,-156,-141
977,-100,-233
969,-118,-233
961,-134,-239
967,-178,-261
954,-184,-203
939,-191,-139
923,-257,-226
945,-380,-184
983,-489,-100
1052,-530,83
1125,-483,365
1144,-390,603
1105,-271,759
1039,-80,822
953,223,779
905,441,706
856,540,601
837,554,423
882,530,276
930,471,192
948,423,173
948,412,238
940,416,292
932,432,311
932,403,295
932,364,260
928,368,274
925,387,278
926,398,233
933,345,193
925,318,197
923,360,181
930,390,180
938,379,127
946,360,68
950,324,72
942,293,52
936,322,61
936,356,49
936,336,49
935,337,15
928,344,9
927,345,18
921,351,29
928,336,1
930,337,8
960,359,0
952,336,-16
952,328,-48
960,328,-25
937,336,-39
921,336,-25
920,329,-24
913,328,-60
940,335,-22
944,336,-23
937,336,3
956,343,-12
960,376,-22
923,372,-18
918,362,-10
926,360,-43
934,354,-33
936,346,-7
931,344,0
933,349,-16
931,352,-9
938,352,-5
944,352,-8
939,357,-17
936,360,-28
932,360,-19
924,360,-4
924,356,-8
928,356,-12
924,360,-19
913,374,14
907,443,65
915,515,107
960,630,322
998,741,573
947,473,424
962,42,-40
1018,-258,-179
1017,-269,-107
1006,-272,-140
1012,-242,-233
963,-229,-141
923,-260,-190
939,-289,-288
951,-216,-215
940,-175,-207
915,-180,-217
883,-279,-323
918,-411,-208
988,-525,-93
1050,-484,297
1079,-404,641
1056,-277,935
1064,21,793
948,304,815
914,662,656
867,687,477
828,600,362
860,542,366
920,473,221
948,409,152
965,380,117
975,350,99
957,344,115
940,363,132
936,368,136
924,327,112
903,323,110
896,356,90
896,373,85
901,365,77
909,350,67
922,359,69
938,358,67
949,343,55
948,340,52
944,344,56
944,348,52
944,356,48
944,360,40
944,360,39
940,356,44
936,355,47
939,360,53
941,363,63
936,371,76
933,373,59
931,371,74
936,374,84
936,366,65
936,360,84
936,358,66
936,354,50
936,362,54
936,364,57
936,347,89
937,362,58
943,374,73
936,359,75
936,351,34
935,344,57
928,344,64
928,344,56
928,352,64
936,352,64
928,344,64
936,344,41
936,351,62
929,345,49
928,344,55
928,365,77
928,443,114
915,509,220
938,774,377
1065,813,713
1071,628,916
961,57,602
916,-200,317
981,-444,61
1025,-556,-177
1021,-400,-270
958,-204,-86
943,-200,-122
967,-281,-264
966,-259,-261
955,-187,-176
956,-147,-158
964,-119,-198
968,-75,-212
956,-64,-224
917,-176,-232
925,-409,-257
1017,-620,-254
1114,-696,-8
1189,-683,430
1192,-615,816
1195,-591,1091
1246,-345,1290
1073,392,1272
944,548,761
877,477,332
899,347,65
934,304,61
956,363,192
966,402,241
960,404,207
960,379,165
960,354,158
961,372,198
966,401,240
952,408,236
951,404,193
943,343,102
928,329,72
928,352,63
960,344,-7
976,274,-55
953,234,-71
945,239,-42
937,276,11
929,309,45
928,326,62
928,335,71
935,343,72
936,351,59
930,352,75
922,346,43
926,344,26
934,338,-5
936,336,-16
936,330,-5
941,344,11
944,352,5
944,362,10
944,368,1
944,363,16
944,355,23
944,352,12
944,348,4
940,348,8
940,344,4
944,336,0
944,336,4
944,340,0
944,344,7
941,350,13
936,357,5
939,352,3
944,352,8
941,349,5
938,346,2
944,350,8
944,346,6
942,352,2
938,354,8
941,363,5
931,369,-7
941,337,3
927,339,15
921,313,11
929,325,41
935,372,118
919,412,175
912,464,165
912,464,104
912,464,96
920,544,240
920,544,240
936,645,434
997,549,318
903,157,312
860,-62,42
892,-159,-5
966,-196,-22
1003,-152,-79
1008,-137,-95
1008,-149,-37
1008,-196,-18
1008,-227,-97
1002,-208,-156
1000,-176,-192
1000,-168,-189
989,-157,-184
989,-120,-157
981,-109,-144
976,-122,-195
976,-177,-239
976,-241,-219
981,-287,-135
984,-286,-43
993,-233,-43
1008,-179,-55
1036,-148,84
1041,-113,269
1017,-59,347
1019,-3,335
968,58,375
870,184,507
865,325,511
857,488,400
835,676,314
875,590,264
885,530,278
898,457,256
908,394,214
928,374,216
956,370,231
968,381,202
967,384,199
959,316,167
950,343,201
937,384,200
943,381,141
935,351,107
929,335,55
936,318,38
936,288,8
928,304,-8
952,288,0
952,280,8
952,295,-7
937,303,-15
943,311,-16
951,326,5
945,328,22
944,321,17
944,313,9
944,325,-12
938,334,-22
936,330,-12
930,328,-26
940,334,-32
938,330,-26
936,334,-13
936,341,-3
941,339,-5
944,336,-8
939,336,-13
931,336,-26
933,327,-27
940,320,-24
944,324,-24
936,324,-3
936,324,-16
940,332,-33
936,332,-23
940,324,-25
944,323,-23
944,331,-29
944,333,-27
938,328,-26
931,331,-21
936,339,-29
934,344,-26
928,344,-27
930,342,-27
940,326,-68
956,287,-102
961,253,-80
936,244,-10
937,276,29
944,347,112
945,418,210
951,492,224
940,525,218
894,497,161
873,512,179
889,512,240
936,528,240
952,600,304
983,344,358
946,488,565
966,354,174
946,140,-24
944,-66,-54
972,-130,-105
1003,-75,-167
1015,-97,-169
1003,-104,-90
994,-168,-97
980,-221,-141
964,-232,-146
966,-203,-156
968,-158,-160
979,-99,-160
984,-75,-160
979,-109,-176
991,-169,-215
1005,-241,-158
1018,-272,-40
1033,-272,3
1044,-241,13
1052,-147,76
1073,-125,270
1056,-120,464
1043,-22,485
1023,132,419
941,293,416
896,417,459
896,496,406
890,499,283
886,504,198
904,488,133
928,448,101
946,427,127
957,407,153
968,380,144
966,368,166
958,372,162
949,389,168
937,405,158
943,385,107
934,348,74
919,324,40
913,297,38
921,303,21
929,297,-9
936,304,-17
928,296,-32
944,296,-40
952,296,-56
952,296,-64
960,296,-64
953,311,-12
945,312,-23
944,312,-10
937,312,-1
936,319,-14
943,327,-63
944,321,-72
931,320,-72
934,320,-84
930,320,-70
934,308,-70
942,327,-89
944,325,-96
944,320,-80
939,325,-67
936,328,-54
941,323,-78
944,315,-106
939,317,-93
936,320,-67
936,320,-39
936,324,-61
936,328,-84
936,328,-60
940,328,-59
940,332,-68
936,333,-64
942,328,-77
949,328,-84
944,331,-61
944,333,-53
947,333,-51
950,344,-54
944,339,-53
944,328,-62
942,328,-54
938,328,-46
942,325,-43
936,315,-60
937,327,-80
942,320,-74
930,319,-42
943,314,-54
934,329,-40
913,344,-38
921,341,-21
937,288,-119
960,272,-96
936,280,-16
959,342,62
952,374,34
945,406,10
929,379,30
914,383,32
926,405,88
908,435,369
871,560,663
929,747,569
982,695,682
1178,399,912
1069,-217,575
969,-474,-193
969,-515,-390
976,-359,-103
987,-77,11
966,-97,-55
932,-272,-63
950,-326,-112
973,-282,-171
981,-237,-142
988,-224,-157
992,-224,-222
992,-224,-231
988,-172,-180
976,-101,-159
964,-91,-202
964,-150,-253
971,-238,-229
982,-306,-131
1001,-350,-70
1033,-334,1
1080,-285,130
1096,-280,351
1062,-263,630
1031,-131,752
964,142,767
940,311,678
897,515,579
874,557,396
886,561,260
916,487,135
940,434,122
959,404,99
952,432,179
951,431,204
944,421,248
944,383,248
936,360,248
944,360,239
944,328,177
944,359,137
944,383,136
959,369,76
938,353,87
922,359,117
920,367,99
920,361,48
927,353,33
941,339,-14
950,336,-56
940,311,-83
924,298,-88
920,320,-94
920,328,-79
920,334,-61
920,331,-56
920,328,-51
920,333,-53
920,341,-61
920,349,-59
920,352,-70
920,352,-71
920,348,-73
924,348,-84
924,352,-84
920,352,-80
920,348,-84
920,348,-88
923,352,-75
931,352,-56
936,352,-59
942,352,-67
949,355,-75
941,360,-77
936,360,-67
936,360,-63
934,360,-74
928,358,-58
926,352,-62
922,354,-56
929,360,-59
935,360,-71
928,360,-64
928,359,-64
928,353,-64
928,360,-63
927,360,-57
920,360,-63
920,360,-48
928,352,-64
928,352,-72
928,352,-49
920,344,-33
927,366,-54
921,353,-41
913,345,-83
919,358,-53
920,353,-62
927,352,-57
915,352,-63
918,333,-70
920,334,-66
926,330,-58
928,340,-68
922,338,-72
926,330,-94
923,333,-93
925,347,-88
928,357,-68
928,360,-41
942,384,-32
952,344,-83
934,300,-22
916,318,108
908,328,160
912,372,204
924,451,290
924,476,303
920,500,245
920,539,205
923,544,236
904,559,367
890,572,410
944,489,367
955,257,247
954,141,230
960,319,312
931,126,-30
984,241,72
1042,364,31
1008,396,18
1066,196,-112
1037,-83,-39
1018,-189,-52
983,-263,-169
974,-253,-173
959,-224,-151
952,-141,-147
952,-106,-194
952,-156,-239
952,-273,-215
992,-351,-81
1023,-360,-88
1047,-330,-96
1070,-246,31
1057,-247,157
1027,-298,368
1010,-171,594
994,80,747
925,287,615
919,398,389
895,486,306
900,535,259
922,514,206
934,492,227
942,459,211
944,420,206
939,381,154
947,352,102
947,344,113
944,334,148
939,347,179
936,379,220
940,401,222
940,404,178
932,383,106
928,376,96
928,388,116
928,381,71
928,364,28
921,357,17
918,342,-11
928,316,-49
934,302,-79
947,309,-118
952,304,-144
952,294,-142
954,270,-129
956,260,-110
942,252,-106
936,266,-108
936,275,-94
937,289,-94
945,303,-115
950,334,-96
935,318,-145
928,304,-152
929,304,-153
936,304,-167
936,304,-151
936,304,-129
944,312,-152
928,288,-120
928,288,-120
928,296,-128
921,296,-143
934,296,-137
936,296,-108
929,296,-97
934,296,-115
936,315,-89
948,320,-110
935,314,-137
928,306,-122
933,320,-112
936,323,-102
936,320,-91
931,320,-97
928,320,-100
932,320,-96
940,320,-104
940,320,-105
946,313,-113
960,307,-123
954,312,-101
944,312,-93
941,317,-93
936,326,-106
938,320,-112
942,322,-105
936,331,-82
936,341,-89
935,329,-98
928,333,-116
928,311,-141
928,304,-112
936,296,-111
944,312,-80
944,312,-111
929,297,-90
928,296,-81
914,317,-10
919,374,20
920,430,-15
914,434,-49
918,438,-38
932,452,-9
930,445,17
923,467,67
946,511,98
960,553,158
965,582,248
964,601,248
985,621,233
968,460,228
932,183,193
943,25,204
942,-67,204
959,-180,54
1011,-264,-115
1019,-259,-115
1026,-262,-67
1026,-305,-86
1002,-322,-158
981,-287,-131
967,-214,-148
959,-167,-174
953,-169,-211
961,-240,-230
969,-319,-202
977,-312,-111
992,-312,-72
1023,-304,-56
1054,-213,-48
1071,-193,158
1072,-178,375
1024,-66,572
1016,224,607
933,370,473
863,509,403
860,491,339
858,518,274
872,558,261
896,537,243
914,505,232
930,453,227
941,397,206
948,376,183
952,380,180
952,384,142
945,380,92
936,359,64
927,323,38
909,324,54
904,363,72
906,378,93
914,400,97
924,400,74
938,405,44
941,418,-5
928,386,-27
929,346,-44
935,296,-77
929,226,-120
944,256,-119
944,264,-96
944,296,-104
944,304,-80
944,320,-88
936,320,-103
936,312,-119
936,312,-112
936,312,-82
951,319,-102
945,327,-104
944,321,-118
951,313,-113
938,305,-105
936,311,-104
943,305,-125
958,325,-101
953,321,-116
952,307,-120
945,304,-100
944,304,-103
944,298,-98
944,302,-115
944,304,-120
944,298,-114
944,296,-106
938,296,-110
942,302,-106
938,298,-80
936,296,-95
936,302,-104
925,304,-115
926,310,-109
928,312,-110
928,312,-112
923,312,-91
925,312,-101
918,317,-102
912,320,-101
922,320,-89
928,315,-90
933,312,-72
936,317,-75
936,325,-97
941,328,-104
944,323,-95
948,320,-92
952,320,-100
956,324,-121
960,324,-119
935,320,-108
920,316,-108
932,312,-116
940,312,-120
944,316,-112
940,320,-108
936,316,-104
936,316,-111
936,320,-127
933,320,-126
925,323,-109
923,325,-107
928,320,-112
928,320,-106
937,320,-108
952,320,-119
949,320,-110
947,320,-117
949,325,-112
944,336,-107
941,333,-111
936,326,-132
936,320,-106
936,322,-112
934,328,-110
928,326,-104
928,320,-91
930,324,-66
936,334,-96
936,328,-96
934,328,-98
930,326,-109
936,320,-120
936,320,-91
935,320,-104
929,320,-105
936,320,-109
936,320,-97
935,320,-103
929,320,-98
934,319,-110
921,311,-97
929,305,-106
936,312,-119
936,311,-111
936,304,-105
936,305,-111
936,312,-104
944,320,-104
944,312,-112
936,312,-120
944,320,-120
944,320,-104
952,168,-240
929,90,-139
928,88,-265
906,43,-257
926,33,-300
935,18,-290
943,-5,-344
944,-1,-332
937,7,-288
929,28,-287
922,57,-269
914,70,-233
894,60,-272
882,56,-288
874,33,-317
883,18,-339
893,16,-333
912,16,-296
920,36,-239
940,63,-176
952,82,-205
943,83,-249
940,67,-292
953,52,-303
956,48,-263
948,60,-232
948,76,-243
956,76,-264
967,72,-278
966,62,-279
949,45,-285
944,40,-331
950,37,-351
960,35,-349
960,27,-257
955,-2,-191
937,-22,-276
920,-58,-376
920,-60,-261
924,-39,-201
941,-1,-308
960,20,-371
959,4,-307
951,22,-287
943,5,-327
935,-15,-315
927,-9,-276
921,-16,-311
928,-16,-297
920,-8,-311
920,-8,-288
920,0,-280
920,8,-296
935,0,-288
929,7,-273
928,-7,-287
921,-22,-309
927,-24,-312
928,-10,-332
928,-1,-349
921,0,-300
933,-6,-332
942,-14,-350
938,-4,-334
924,6,-340
920,2,-367
909,-6,-348
904,-3,-358
899,-5,-363
906,-3,-365
907,-10,-368
928,-11,-378
958,-8,-426
981,-4,-505
992,-4,-484
996,9,-453
1004,20,-548
1012,20,-643
1023,31,-646
1028,47,-635
1024,63,-682
1008,82,-747
981,99,-788
970,110,-808
946,117,-803
907,125,-805
863,152,-864
810,145,-927
759,130,-889
690,134,-850
613,132,-876
571,146,-941
537,151,-913
463,145,-861
415,156,-954
402,174,-1085
348,159,-919
241,156,-653
163,191,-714
92,182,-844
22,143,-773
-48,112,-664
-56,112,-728
-56,112,-728
-134,112,-767
-182,104,-768
-273,97,-820
-295,103,-736
-346,97,-671
-394,110,-685
-434,71,-647
-467,57,-580
-498,76,-529
-555,48,-482
-599,9,-398
-632,-6,-340
-646,-26,-322
-659,-32,-366
-681,-38,-356
-693,-24,-333
-696,-5,-391
-686,41,-511
-685,74,-530
-688,90,-464
-683,96,-386
-662,69,-325
-622,39,-425
-588,28,-491
-556,32,-420
-517,40,-422
-463,58,-597
-396,105,-840
-343,160,-969
-307,221,-889
-282,282,-724
-252,300,-774
-189,277,-945
-113,306,-1045
-59,347,-939
-37,291,-647
5,303,-643
71,254,-847
182,244,-919
247,242,-737
316,279,-692
384,276,-780
475,295,-958
545,287,-931
614,278,-836
670,267,-802
733,292,-822
802,238,-798
841,206,-751
888,136,-720
904,128,-672
927,105,-649
966,66,-580
998,42,-569
1022,40,-568
1045,33,-561
1048,32,-462
1048,32,-414
1055,25,-448
1049,-9,-456
1042,-22,-380
1021,-24,-329
1016,-18,-380
1010,-4,-394
997,6,-398
981,-3,-383
976,-35,-338
987,-48,-283
982,-28,-218
966,-16,-172
960,-26,-193
974,-13,-216
980,54,-198
972,74,-193
976,52,-212
980,36,-224
972,9,-201
968,-8,-187
975,-8,-207
981,-11,-199
973,-19,-179
971,-21,-187
973,-10,-183
965,0,-165
960,3,-173
965,8,-202
974,8,-208
966,8,-204
960,8,-198
962,10,-220
966,16,-232
960,16,-229
960,16,-220
959,17,-236
953,23,-217
960,17,-225
960,23,-232
960,7,-233
960,0,-240
960,0,-232
968,-8,-216
960,0,-224
960,-8,-224
968,-8,-216
968,-15,-231
953,-9,-203
959,-1,-250
953,-7,-228
959,-8,-224
960,-8,-217
960,-1,-229
960,6,-219
960,2,-235
960,12,-234
960,16,-220
960,16,-233
954,10,-234
952,13,-232
952,21,-237
962,39,-215
968,43,-220
992,40,-237
1008,17,-319
1017,0,-461
1028,30,-636
1040,19,-645
1064,-24,-460
1072,6,-390
1053,37,-443
1012,31,-484
952,37,-503
907,32,-467
882,38,-482
872,48,-565
880,59,-643
901,93,-724
910,125,-789
897,141,-825
867,150,-882
820,148,-866
770,171,-874
705,210,-865
641,216,-823
605,220,-899
585,239,-946
538,241,-913
490,306,-923
434,318,-954
371,295,-968
292,280,-866
215,280,-905
176,272,-928
128,256,-952
35,240,-828
-6,255,-847
-68,211,-714
-130,179,-609
-186,162,-614
-227,132,-595
-280,128,-578
-355,121,-483
-427,94,-373
-491,50,-244
-535,-22,-191
-568,-100,-124
-594,-161,-110
-594,-153,-192
-575,-94,-341
-573,-29,-322
-565,13,-288
-540,19,-313
-498,16,-303
-418,45,-427
-348,73,-525
-283,102,-537
-196,133,-596
-102,148,-723
-4,180,-840
83,196,-815
164,254,-751
248,332,-862
328,341,-979
429,318,-960
539,308,-929
625,380,-877
667,346,-872
711,294,-877
792,233,-849
882,225,-753
939,242,-719
980,218,-680
1036,187,-691
1111,147,-640
1139,159,-590
1151,148,-508
1142,120,-483
1126,69,-465
1111,49,-520
1103,55,-464
1086,38,-541
1056,16,-493
1055,8,-428
1024,0,-304
1000,-8,-256
977,-39,-240
984,-40,-270
984,-40,-279
969,-11,-273
997,-15,-329
986,-9,-343
984,-22,-296
977,-17,-235
963,-3,-204
966,0,-219
974,6,-212
970,2,-190
968,-24,-184
951,-32,-138
950,-26,-165
952,-24,-184
968,-24,-210
976,-14,-214
971,-3,-203
973,5,-200
971,8,-186
946,-5,-185
937,-16,-201
944,-12,-216
948,0,-216
956,8,-208
960,8,-208
960,4,-212
960,3,-223
960,5,-232
960,0,-235
954,-3,-234
947,-8,-213
952,-8,-208
952,-10,-240
952,-16,-238
952,-16,-232
952,-16,-232
954,-16,-232
960,-18,-232
961,-24,-233
968,-25,-236
967,-32,-220
959,-30,-240
952,-16,-242
951,-16,-255
945,-17,-240
953,-24,-240
968,-16,-240
984,-16,-248
960,8,-232
952,0,-209
960,15,-238
960,1,-233
967,-7,-210
947,-8,-229
944,-8,-246
951,-8,-241
952,-8,-240
945,-8,-220
950,-2,-222
952,0,-224
958,6,-236
954,14,-246
946,5,-265
944,-6,-239
949,-8,-224
957,-13,-219
975,-1,-211
994,18,-233
1005,38,-281
1013,29,-332
1020,29,-419
1015,23,-494
1004,12,-504
1008,36,-520
1004,60,-498
999,68,-444
1015,76,-507
1031,83,-632
1043,98,-685
1039,109,-665
1024,116,-660
1021,144,-723
1011,173,-794
990,198,-834
957,194,-826
911,196,-796
858,192,-826
817,220,-862
715,232,-797
620,231,-788
559,221,-815
504,210,-855
445,225,-894
362,230,-877
308,220,-872
268,255,-1033
211,248,-934
109,256,-902
24,240,-824
-64,240,-664
-64,240,-664
-149,240,-757
-167,194,-638
-228,177,-580
-298,154,-569
-347,173,-604
-415,113,-496
-485,56,-384
-563,21,-301
-602,-43,-223
-621,-94,-125
-636,-141,-61
-634,-158,-108
-608,-119,-246
-594,-75,-334
-570,-36,-257
-538,3,-286
-502,27,-367
-437,52,-581
-378,69,-634
-327,96,-509
-267,112,-476
-177,139,-670
-102,186,-808
-68,183,-717
12,172,-696
130,219,-829
213,274,-908
259,300,-880
326,257,-783
448,205,-775
587,255,-935
728,301,-1015
795,277,-918
826,212,-719
882,157,-654
987,175,-713
1067,181,-734
1108,148,-703
1162,127,-628
1231,94,-632
1256,89,-587
1249,92,-519
1209,67,-473
1160,42,-479
1099,55,-468
1053,47,-434
1023,31,-457
1006,14,-462
976,-33,-430
976,-72,-352
984,-104,-336
992,-57,-251
984,-41,-263
969,-40,-301
961,-55,-297
960,8,-189
953,23,-218
945,24,-238
964,4,-260
981,-7,-290
990,5,-277
967,14,-210
954,16,-180
934,4,-194
928,-6,-223
939,-2,-238
939,0,-251
947,11,-245
932,11,-260
925,18,-282
928,24,-288
933,29,-260
936,28,-258
940,37,-272
944,40,-272
940,28,-268
940,28,-264
944,25,-271
944,16,-284
944,16,-288
944,16,-291
944,19,-302
944,27,-297
939,27,-269
928,19,-267
930,24,-279
936,19,-298
932,10,-298
922,16,-284
928,14,-309
928,8,-342
928,9,-304
927,16,-301
922,16,-289
936,15,-297
936,8,-304
936,8,-305
935,9,-319
928,16,-304
936,16,-296
928,24,-296
936,24,-288
936,16,-319
928,24,-335
935,17,-306
936,23,-289
943,24,-288
937,24,-316
936,31,-300
923,32,-303
920,32,-317
920,38,-307
920,34,-304
932,50,-346
942,62,-354
938,47,-335
936,46,-328
958,80,-366
979,80,-416
1004,57,-463
1026,18,-554
1042,0,-657
1043,23,-677
1049,49,-633
1052,56,-647
1060,60,-747
1076,64,-844
1068,72,-880
1041,98,-880
999,134,-908
955,152,-957
894,149,-970
804,153,-939
702,177,-895
603,192,-883
580,187,-916
505,178,-966
463,189,-901
425,198,-779
357,198,-752
261,209,-783
211,186,-815
150,196,-843
88,212,-816
-3,188,-620
-77,170,-653
-176,183,-745
-243,172,-734
-278,134,-544
-366,102,-430
-483,62,-229
-568,-9,-128
-616,-63,-104
-678,-111,-19
-718,-142,30
-727,-151,39
-721,-123,-84
-699,-77,-303
-696,-23,-300
-689,-23,-221
-661,-24,-181
-597,28,-313
-552,15,-420
-482,14,-421
-398,46,-495
-335,68,-561
-280,101,-645
-219,112,-739
-157,155,-860
-99,218,-767
-55,225,-671
19,221,-770
123,277,-945
214,349,-1007
266,278,-848
340,252,-823
467,304,-975
588,308,-1084
659,304,-1051
702,267,-861
753,235,-757
814,238,-791
879,205,-797
936,176,-771
979,156,-695
998,123,-627
1032,120,-627
1050,97,-597
1058,75,-541
1064,60,-501
1066,40,-482
1076,11,-519
1086,-10,-534
1077,-15,-495
1063,0,-483
1052,48,-452
1029,94,-432
1005,79,-425
984,69,-366
983,41,-338
976,48,-260
967,48,-328
944,40,-312
944,32,-336
944,32,-336
975,16,-251
946,31,-256
929,32,-241
928,32,-262
935,39,-285
929,33,-253
914,32,-248
925,32,-228
935,32,-224
961,45,-224
968,36,-261
962,26,-230
954,24,-240
958,35,-248
954,34,-259
957,32,-275
955,27,-280
957,24,-275
955,24,-272
952,24,-282
952,24,-288
952,20,-301
952,16,-295
952,20,-272
948,28,-276
936,32,-300
932,28,-305
932,24,-300
931,24,-294
933,24,-296
931,24,-314
933,24,-298
933,21,-280
944,19,-274
944,26,-301
942,32,-303
938,30,-288
942,24,-306
938,24,-290
944,24,-293
943,27,-279
936,40,-275
938,38,-289
951,24,-292
942,24,-267
929,25,-291
943,33,-318
936,41,-289
936,56,-311
936,48,-288
912,40,-288
920,1,-203
935,38,-154
958,85,-294
982,66,-435
1013,0,-541
1030,-1,-622
1025,75,-598
997,121,-532
992,95,-533
1011,82,-619
1028,80,-702
1032,110,-684
1026,149,-666
1024,183,-721
1018,198,-811
994,205,-840
968,208,-898
924,198,-928
874,202,-923
818,208,-915
736,203,-931
660,200,-926
593,187,-925
527,168,-969
488,172,-996
442,188,-980
348,207,-913
284,235,-852
236,268,-829
141,302,-744
45,309,-629
-53,292,-531
-126,277,-496
-186,278,-505
-251,244,-417
-337,189,-285
-425,88,-132
-514,-20,6
-582,-100,71
-635,-180,164
-648,-220,177
-644,-189,25
-619,-127,-55
-586,-65,-107
-538,-8,-216
-484,63,-491
-437,137,-611
-397,143,-645
-343,129,-589
-296,168,-760
-232,184,-824
-178,215,-832
-108,163,-832
-7,175,-877
88,264,-1048
132,243,-978
164,177,-849
243,216,-873
356,271,-1040
435,293,-1033
486,283,-954
527,230,-855
578,270,-923
663,300,-964
705,293,-894
718,266,-780
731,196,-706
789,179,-709
841,179,-674
866,151,-618
891,131,-567
918,123,-544
959,111,-531
997,82,-516
1029,35,-533
1068,12,-540
1092,8,-513
1089,-7,-474
1073,-37,-469
1057,-74,-462
1051,-53,-400
1035,12,-355
997,32,-326
987,32,-347
973,27,-365
963,21,-358
950,37,-345
940,50,-336
928,62,-356
928,84,-346
928,94,-345
928,88,-319
927,87,-313
920,79,-319
920,73,-308
921,77,-283
929,55,-311
936,49,-302
936,56,-280
928,56,-272
920,56,-280
920,48,-280
904,48,-288
919,40,-311
913,40,-282
912,47,-287
919,55,-288
934,49,-281
929,48,-314
935,55,-287
943,56,-287
938,50,-294
936,48,-302
936,48,-310
930,60,-306
928,58,-321
928,56,-328
923,61,-317
915,64,-317
917,69,-315
925,72,-307
928,67,-309
928,64,-317
919,64,-316
916,55,-316
928,56,-324
932,64,-328
928,64,-332
928,68,-329
928,72,-320
928,72,-317
925,88,-306
917,118,-284
909,113,-287
909,77,-323
928,66,-273
944,105,-233
949,112,-369
971,17,-504
1008,-32,-608
1030,-45,-634
1021,-1,-562
1008,17,-574
1008,-23,-619
1009,-52,-714
1015,-23,-727
1011,43,-720
1030,74,-727
1007,97,-808
999,113,-911
983,136,-896
936,128,-904
888,120,-896
818,136,-896
755,151,-942
685,137,-899
644,143,-845
583,144,-876
541,172,-901
447,190,-877
372,212,-852
282,223,-750
220,243,-772
127,223,-796
62,222,-721
-17,212,-696
-74,191,-685
-121,167,-708
-168,149,-763
-231,123,-710
-312,92,-621
-393,60,-548
-453,24,-472
-509,-15,-398
-558,-32,-341
-602,-41,-303
-641,-44,-280
-680,-32,-228
-719,-20,-138
-736,-20,-147
-722,-13,-262
-694,7,-330
-667,6,-296
-633,4,-261
-591,27,-387
-544,48,-507
-502,75,-484
-461,69,-414
-391,89,-412
-305,114,-521
-222,130,-702
-150,174,-781
-76,236,-811
-26,279,-773
12,271,-835
81,262,-852
151,240,-859
269,193,-768
384,263,-790
479,254,-1017
580,231,-1032
658,208,-1018
737,217,-825
807,279,-887
839,241,-818
863,225,-740
916,179,-669
978,191,-635
1034,192,-611
1075,157,-615
1100,111,-602
1104,51,-600
1117,20,-548
1114,22,-536
1106,24,-548
1086,0,-528
1068,-26,-455
1053,-49,-421
1031,-56,-422
1013,-40,-419
997,-32,-400
977,-17,-361
958,12,-334
947,24,-328
939,24,-342
940,20,-370
940,12,-367
924,29,-344
916,44,-336
912,40,-336
908,47,-321
919,60,-304
925,64,-301
926,67,-293
936,66,-288
933,53,-294
928,45,-309
928,43,-312
928,50,-298
930,56,-297
932,56,-282
920,54,-290
922,44,-300
926,32,-314
920,33,-317
917,41,-304
905,48,-305
913,47,-313
920,39,-320
921,32,-319
928,33,-312
928,40,-313
928,40,-328
928,40,-328
928,40,-320
928,40,-320
928,48,-328
920,40,-305
913,47,-349
919,48,-330
927,41,-321
935,40,-292
929,40,-315
928,33,-327
928,32,-328
922,32,-322
932,51,-314
930,62,-306
922,64,-310
920,75,-312
926,97,-301
928,109,-301
928,117,-293
923,125,-288
920,118,-293
920,102,-286
925,91,-285
932,88,-297
932,88,-308
936,92,-312
932,100,-312
924,104,-304
924,100,-314
920,92,-318
913,75,-296
910,62,-309
923,72,-328
931,72,-316
936,75,-296
936,85,-296
936,103,-294
936,125,-288
940,136,-284
950,134,-282
944,126,-312
944,118,-307
944,112,-294
944,113,-316
943,121,-297
936,129,-303
935,136,-294
929,135,-281
935,127,-289
928,120,-304
928,112,-304
928,104,-320
944,136,-296
944,128,-304
929,120,-312
921,113,-267
905,119,-315
911,113,-263
912,119,-284
919,127,-288
913,135,-288
919,156,-262
920,154,-250
920,146,-267
926,138,-278
928,136,-268
928,136,-275
928,142,-291
928,144,-285
928,144,-280
928,144,-280
928,144,-280
928,139,-275
937,141,-277
940,140,-280
936,136,-284
936,140,-288
936,136,-300
932,128,-308
924,135,-282
924,140,-274
928,136,-293
928,139,-285
931,141,-280
936,136,-280
936,133,-285
931,128,-299
922,128,-311
930,133,-312
934,144,-276
930,144,-288
936,146,-286
936,154,-278
936,156,-273
936,137,-279
936,144,-272
936,144,-274
936,144,-290
936,145,-301
936,153,-273
936,160,-279
928,160,-264
928,144,-280
904,960,144
958,564,-73
914,499,110
919,474,187
927,406,214
921,443,237
892,385,205
936,369,193
931,348,252
935,390,271
911,349,253
916,348,229
908,437,188
863,376,211
859,321,310
881,357,338
883,354,260
901,349,192
922,367,242
928,361,295
928,352,290
900,343,289
898,314,260
908,296,271
925,304,258
936,324,236
932,355,183
947,365,181
953,345,240
931,353,99
925,366,114
938,358,313
934,368,290
925,299,303
898,168,240
918,195,257
907,274,262
902,322,176
922,338,186
930,370,223
926,361,232
884,310,158
861,315,121
837,223,175
786,301,207
857,246,167
848,438,347
696,587,211
814,627,147
937,534,208
968,472,217
920,504,303
920,488,296
912,412,296
867,371,221
864,426,216
821,453,223
844,484,252
855,495,201
856,456,205
830,428,208
837,494,183
871,487,213
928,510,278
885,514,231
847,523,197
846,478,242
843,461,237
851,475,150
759,-45,576
852,-87,430
977,302,4
944,525,96
917,616,302
906,743,253
821,712,130
788,572,44
812,517,42
764,448,-34
712,364,-232
722,308,-432
742,274,-563
764,264,-505
781,255,-537
781,229,-576
782,218,-569
745,223,-522
698,175,-498
641,114,-454
562,-10,-589
509,-59,-833
493,32,-1217
488,403,-1512
131,736,-1028
266,385,-995
292,174,-697
376,-62,-771
374,-112,-878
351,-114,-1022
345,-143,-986
368,-121,-871
376,-160,-848
392,-168,-880
376,-168,-849
384,-191,-863
406,-237,-939
415,-204,-776
359,-136,-831
345,-107,-917
344,-63,-853
351,-36,-827
359,-6,-831
366,25,-876
387,51,-1043
392,104,-919
380,108,-858
370,35,-873
357,-87,-902
347,-160,-961
339,-197,-1031
203,-152,-776
197,-21,-497
250,69,-324
270,361,12
302,699,387
281,683,524
273,559,736
312,484,1076
351,547,1366
369,665,1458
342,602,1263
300,483,1086
278,332,1034
294,235,1088
348,304,1314
369,380,1363
243,296,965
183,279,819
158,307,1007
194,302,1307
202,318,1175
203,317,965
189,339,1018
205,358,1057
193,380,1021
199,356,809
192,333,824
190,312,883
174,313,910
150,329,965
121,336,932
136,343,1006
136,304,928
96,320,920
197,382,1130
177,338,1068
131,314,878
92,341,879
81,358,887
101,367,937
97,307,910
96,309,844
83,305,917
55,342,1000
23,395,1004
-8,438,1018
-34,454,812
-11,187,541
-28,91,726
-78,329,1062
-101,414,1194
-114,354,1111
-115,328,1026
-131,347,936
-167,392,874
-211,429,842
-258,453,850
-309,439,880
-360,404,860
-403,400,767
-435,415,740
-459,420,831
-469,419,937
-458,411,1026
-427,383,1077
-380,365,1142
-352,355,1147
-333,344,1120
-330,344,1081
-343,353,1066
-368,380,1074
-402,417,1064
-455,491,994
-539,487,904
-556,543,830
-576,536,789
-576,510,811
-574,355,782
-558,312,773
-543,247,822
-535,229,891
-519,183,933
-496,168,880
-504,176,888
-592,24,464
-592,24,464
-569,342,767
-781,672,1194
-829,710,747
-628,355,734
-587,327,750
-633,391,808
-613,339,789
-595,261,744
-599,215,743
-632,214,814
-634,191,770
-632,172,788
-673,239,741
-711,367,709
-714,380,643
-717,390,600
-731,432,608
-705,489,616
-718,472,567
-746,410,507
-757,389,511
-760,396,506
-760,409,475
-756,424,468
-756,428,468
-764,401,456
-783,376,433
-818,383,423
-857,402,439
-886,422,432
-905,435,426
-926,446,433
-941,461,384
-955,480,365
-965,494,358
-976,479,350
-978,452,340
-988,430,332
-998,395,364
-989,369,419
-977,338,347
-984,305,244
-982,266,179
-966,232,154
-950,235,173
-934,266,217
-911,290,223
-897,324,214
-912,394,163
-904,449,7
-904,503,-71
-935,488,-150
-936,435,-152
-943,328,-85
-944,284,0
-958,280,72
-960,266,80
-960,250,100
-953,241,131
-952,247,136
-946,254,130
-956,262,134
-960,270,112
-954,278,104
-963,291,98
-979,313,85
-979,320,75
-971,325,77
-963,323,70
-960,320,69
-955,320,86
-952,325,105
-943,332,112
-936,327,116
-932,320,128
-928,320,132
-920,324,113
-916,328,118
-924,335,137
-935,337,148
-941,338,182
-942,361,174
-949,364,141
-944,344,139
-941,344,131
-936,327,102
-938,295,105
-942,320,124
-936,340,110
-934,330,100
-930,341,95
-937,361,119
-944,369,113
-944,376,119
-944,376,114
-945,376,127
-951,376,119
-944,377,114
-944,385,134
-936,400,105
-936,416,128
-928,424,88
-920,424,189
-920,424,124
-920,454,142
-927,478,137
-942,459,129
-958,449,135
-946,400,47
-931,372,12
-928,375,28
-928,363,19
-934,329,-9
-936,314,20
-942,324,38
-950,334,23
-952,353,16
-947,360,5
-944,360,-5
-944,375,-23
-944,384,-52
-949,398,-54
-952,413,-39
-956,425,-23
-960,428,-33
-952,428,-69
-944,424,-76
-936,408,-60
-935,396,-60
-944,396,-60
-947,387,-49
-949,362,-34
-941,346,-36
-942,327,-68
-947,317,-96
-941,331,-122
-950,336,-146
-939,343,-143
-920,349,-124
-894,310,-126
-886,284,-92
-877,309,-75
-863,364,-66
-855,387,-116
-849,404,-134
-857,427,-119
-867,451,-113
-896,483,-123
-897,511,-154
-912,495,-184
-904,480,-191
-904,464,-152
-888,456,-176
-880,472,-168
-827,396,-236
-869,310,-255
-908,304,-147
-841,340,-100
-839,204,-159
-901,177,-209
-885,209,-269
-867,196,-293
-883,249,-277
-913,270,-315
-920,242,-346
-896,232,-317
-894,221,-270
-890,194,-234
-893,216,-273
-928,253,-338
-949,305,-345
-947,308,-361
-939,296,-357
-931,301,-339
-932,308,-340
-936,312,-344
-948,320,-327
-952,344,-276
-952,348,-286
-960,318,-365
-960,285,-372
-953,259,-346
-944,230,-363
-941,195,-368
-927,177,-348
-909,186,-331
-904,139,-365
-909,140,-358
-920,166,-372
-914,177,-409
-904,232,-399
-923,249,-467
-901,209,-376
-894,131,-423
-912,43,-473
-863,75,-409
-804,201,-469
-775,304,-507
-778,178,-530
-877,195,-471
-836,118,-457
-768,89,-482
-776,120,-536
872,416,-280
864,354,-350
864,291,-367
864,281,-346
849,316,-351
848,327,-345
841,307,-407
854,249,-491
849,153,-464
835,214,-352
838,226,-315
809,199,-262
818,343,-163
836,468,-112
834,582,-52
826,744,-10
824,860,16
798,715,-44
794,670,-49
805,676,-32
808,635,-46
813,584,-79
820,520,-118
824,453,-166
824,395,-213
832,340,-268
855,293,-327
879,265,-415
902,267,-492
923,280,-547
922,280,-677
918,286,-802
911,334,-792
864,411,-677
811,492,-594
758,667,-391
718,800,-289
655,855,-225
604,947,-37
596,1136,175
601,1248,277
567,1241,295
521,1195,455
481,1116,567
439,1043,562
432,990,562
431,827,425
422,681,172
389,475,16
335,377,11
312,424,104
288,432,120
218,432,66
163,455,79
153,486,65
152,488,20
166,531,-70
175,620,-115
183,625,-120
211,611,-107
281,615,-156
360,546,-232
426,454,-279
512,372,-330
642,317,-456
783,241,-559
919,183,-606
1057,206,-551
1178,308,-541
1257,403,-537
1280,511,-488
1247,617,-450
1187,684,-454
1124,677,-495
1070,617,-511
1015,580,-475
964,568,-456
921,548,-460
874,507,-460
823,458,-443
785,437,-409
782,445,-397
798,473,-383
820,503,-365
851,523,-349
880,512,-323
903,510,-310
915,497,-299
908,478,-280
918,470,-270
908,459,-303
896,437,-260
897,420,-219
900,397,-229
875,382,-210
846,368,-178
832,368,-195
831,368,-213
816,369,-183
817,384,-170
832,392,-200
832,384,-184
824,400,-176
824,400,-176
816,408,-215
816,431,-178
809,425,-213
801,424,-209
800,445,-229
814,427,-400
816,383,-526
836,389,-651
873,516,-548
893,716,-425
884,896,-456
886,1033,-472
882,1140,-478
886,1242,-365
894,1317,-175
869,1363,-25
856,1392,84
856,1385,181
836,1356,300
810,1358,419
772,1317,492
725,1204,499
661,1105,367
607,1026,160
588,852,48
549,647,-45
483,505,-146
423,333,-179
355,73,-199
253,-109,-202
152,-104,-137
92,-92,16
51,2,158
50,206,185
77,372,86
102,499,22
138,631,48
142,706,28
140,740,54
149,750,94
135,744,52
136,719,27
188,560,-61
273,345,-437
413,102,-590
601,-199,-647
790,-434,-715
992,-452,-636
1312,-218,-563
1586,-29,-672
1742,301,-640
1721,622,-306
1560,898,-68
1396,1016,-63
1260,1002,-210
1148,921,-310
1073,835,-271
1009,838,-435
967,840,-471
901,781,-394
831,730,-370
797,658,-411
780,537,-490
758,433,-541
775,374,-581
812,338,-598
862,350,-578
912,365,-526
959,399,-453
1001,485,-394
1035,557,-328
1053,571,-250
1065,577,-185
1059,571,-151
1044,581,-132
1028,612,-68
1001,593,-16
973,538,-16
942,448,-72
903,355,-191
864,304,-262
822,180,-306
766,21,-345
717,-35,-284
696,-42,-190
654,-63,-112
641,19,-42
672,175,5
706,343,64
745,533,145
788,816,168
833,988,115
839,893,0
831,656,-133
825,515,-209
829,471,-219
800,384,-239
802,274,-236
823,-33,-402
802,-208,-598
872,-200,-536
896,-120,-376
912,105,-221
935,310,-79
936,499,25
965,687,98
968,818,54
940,867,83
936,927,122
909,943,95
904,866,23
910,759,-17
906,662,-98
898,537,-156
878,416,-239
878,350,-321
902,319,-344
934,236,-409
976,184,-429
1012,191,-383
1014,249,-296
984,347,-208
949,438,-204
905,508,-193
867,605,-151
864,652,-157
868,652,-168
876,652,-179
892,618,-211
907,557,-220
917,472,-226
909,377,-256
901,256,-280
879,79,-280
837,7,-242
826,122,-163
838,151,-130
827,259,-69
869,524,-61
900,595,-159
895,515,-296
920,552,-339
911,537,-278
859,465,-235
794,418,-246
804,316,-259
774,165,-440
759,64,-440
750,-32,-443
720,-136,-478
720,-144,-433
720,-135,-456
736,-49,-440
783,68,-401
822,209,-354
861,335,-277
886,424,-243
902,539,-190
925,615,-135
928,644,-148
948,668,-192
965,665,-259
962,632,-208
960,605,-204
942,570,-244
936,548,-280
913,401,-345
876,260,-440
859,192,-445
845,81,-448
804,37,-436
819,129,-365
811,117,-352
801,151,-354
821,239,-264
832,376,-127
836,539,-31
840,640,-8
836,695,-8
836,738,-33
844,754,-61
851,709,-35
853,672,7
842,678,25
826,679,15
811,653,24
790,624,-13
773,593,-29
795,544,-42
832,491,-52
866,436,-91
903,356,-189
925,268,-235
909,185,-255
893,152,-284
874,147,-278
837,115,-373
816,78,-460
815,64,-419
801,68,-365
816,133,-326
817,227,-280
840,312,-272
840,440,-272
856,525,-225
879,589,-300
887,599,-311
895,688,-312
896,639,-262
861,492,-284
863,472,-261
877,425,-276
873,396,-293
872,373,-277
872,349,-272
872,320,-296
872,300,-339
872,290,-409
883,282,-432
883,291,-394
880,312,-402
900,330,-472
912,405,-455
898,467,-391
888,549,-317
901,676,-208
877,809,-96
840,930,-69
828,1008,-72
824,1036,-33
831,1040,-37
836,1054,-111
839,1079,-103
829,1046,82
772,1012,200
716,1059,87
682,1017,-27
625,866,-101
531,729,-185
455,742,-289
424,816,-304
392,794,-298
357,703,-404
328,603,-597
360,513,-647
355,315,-640
328,148,-648
320,22,-699
257,-50,-707
195,-56,-597
144,47,-565
144,258,-537
137,292,-716
185,409,-833
255,463,-959
217,487,-812
155,435,-686
63,357,-598
-32,272,-541
-97,185,-472
-153,120,-331
-160,78,-244
-120,99,-259
-40,163,-303
33,189,-261
122,223,-155
271,347,-164
483,555,-276
676,731,-392
773,731,-396
803,609,-438
887,434,-469
1066,368,-482
1277,408,-453
1432,413,-413
1536,446,-423
1589,556,-462
1544,672,-458
1429,724,-382
1320,712,-296
1234,673,-283
1163,633,-319
1093,627,-336
1008,653,-306
917,672,-235
836,654,-195
763,595,-217
690,511,-273
640,427,-336
631,377,-375
668,355,-390
748,348,-376
842,364,-342
907,380,-308
952,394,-294
993,397,-300
1031,381,-345
1023,369,-312
1013,374,-311
988,359,-305
951,353,-308
934,361,-269
911,368,-224
887,368,-216
864,376,-216
856,360,-216
856,360,-216
856,376,-224
841,376,-216
847,398,-201
833,385,-229
825,355,-211
817,352,-215
809,332,-209
808,321,-228
788,300,-271
784,283,-286
790,280,-300
804,292,-334
826,314,-350
849,337,-323
862,355,-334
886,365,-339
880,357,-357
862,362,-368
866,373,-388
872,386,-381
877,387,-349
880,380,-340
876,367,-327
868,352,-308
860,340,-320
852,344,-321
844,352,-304
844,363,-297
848,386,-288
848,406,-294
854,422,-304
870,435,-295
883,437,-299
891,432,-333
896,430,-333
891,417,-351
878,392,-379
872,356,-412
870,316,-419
861,302,-388
847,297,-343
841,304,-337
849,305,-346
857,312,-358
866,312,-343
879,311,-335
872,305,-320
872,321,-320
872,344,-312
864,344,-296
864,360,-296
856,368,-288
856,383,-265
856,384,-271
849,377,-257
841,376,-270
833,383,-237
818,384,-273
823,384,-293
831,358,-348
851,339,-392
856,324,-394
856,338,-374
850,373,-397
842,390,-362
840,414,-322
845,424,-339
853,419,-326
851,421,-302
848,439,-311
848,438,-339
853,423,-324
856,420,-286
852,420,-302
844,412,-299
836,408,-268
836,404,-272
840,396,-287
840,388,-300
833,384,-311
821,374,-333
813,366,-352
811,385,-346
821,408,-333
837,429,-320
850,442,-306
858,450,-312
864,454,-308
860,444,-294
846,430,-284
840,419,-274
840,396,-283
840,375,-297
839,368,-310
832,368,-341
832,369,-321
833,376,-331
849,378,-357
856,400,-319
863,400,-304
840,400,-304
952,416,-336
921,424,-297
890,447,-288
873,448,-236
865,455,-261
835,456,-243
811,456,-226
794,449,-190
799,448,-164
846,435,-134
907,438,-115
920,440,-217
890,440,-266
862,446,-231
839,448,-210
821,454,-202
816,456,-205
827,445,-234
857,440,-238
912,435,-242
941,442,-248
921,453,-243
895,460,-227
884,473,-207
884,480,-217
896,484,-232
916,492,-240
935,481,-252
962,450,-245
991,412,-222
987,378,-208
950,365,-223
908,354,-248
885,339,-243
875,325,-216
862,325,-174
867,341,-147
909,354,-157
952,360,-218
974,360,-224
965,365,-221
946,387,-209
916,397,-220
890,379,-239
852,350,-230
823,338,-215
815,351,-208
799,345,-208
792,352,-210
784,360,-240
784,360,-248
792,368,-256
800,391,-248
823,400,-256
824,415,-256
831,423,-249
861,424,-262
878,410,-292
900,415,-323
904,403,-308
904,407,-304
910,402,-298
906,412,-308
898,422,-306
890,418,-280
882,410,-272
897,402,-328
909,411,-363
917,421,-363
940,429,-365
977,437,-378
992,430,-398
978,410,-399
941,387,-414
898,367,-410
863,343,-396
832,312,-400
801,292,-396
762,273,-399
729,260,-419
713,274,-408
698,288,-376
682,285,-370
672,274,-354
667,259,-336
656,245,-323
663,245,-326
691,265,-315
728,294,-298
760,318,-276
793,359,-264
845,488,-295
953,745,-425
1109,1077,-457
1342,1098,-488
1369,815,-890
1310,687,-1152
1216,593,-1438
1117,364,-1649
963,412,-1427
869,335,-1175
760,296,-1144
608,264,-960
453,458,-805
334,510,-678
216,661,-508
193,854,-102
192,936,350
185,1181,281
239,977,52
195,569,-64
138,418,44
58,432,148
-10,471,87
-54,432,-99
-164,204,-111
-211,254,-107
-238,37,-6
-324,174,100
-386,737,-45
-410,881,-289
-465,832,-307
-529,636,-312
-584,407,-395
-604,251,-423
-578,63,-166
-581,110,198
-564,436,16
-482,474,-450
-432,338,-531
-432,386,-341
-419,347,-105
-358,180,-20
-238,50,-154
-89,136,-263
74,408,-426
213,559,-415
272,490,-155
392,632,-252
525,769,-433
584,675,-688
679,571,-663
790,531,-481
934,572,-443
1085,699,-557
1206,711,-680
1305,698,-533
1442,660,-454
1596,700,-448
1636,747,-528
1570,795,-526
1452,849,-494
1335,888,-415
1193,904,-297
1029,904,-319
910,836,-252
815,765,-270
764,702,-279
760,625,-301
753,567,-346
779,533,-325
784,515,-260
777,499,-313
795,502,-264
825,504,-279
850,498,-282
856,502,-245
879,504,-192
910,521,-204
925,517,-216
933,501,-216
931,491,-185
923,478,-168
925,462,-130
919,461,-90
908,482,-84
904,492,-71
912,500,-31
936,532,-24
956,571,-36
956,633,-47
959,698,-78
961,730,-96
946,744,-115
924,729,-159
904,698,-172
896,677,-157
870,643,-168
838,606,-158
800,573,-127
752,533,-98
718,492,-68
683,449,-34
659,411,-52
636,348,-102
612,289,-135
593,255,-175
600,246,-211
603,233,-175
628,244,-173
677,283,-227
748,320,-268
827,329,-337
912,352,-384
968,368,-408
1022,352,-346
1070,352,-374
1087,322,-428
1103,320,-454
1083,327,-435
1066,328,-425
1057,362,-356
1036,381,-317
986,404,-305
944,408,-285
905,414,-280
872,422,-220
852,424,-200
842,435,-189
829,440,-190
813,451,-197
797,467,-221
797,492,-237
815,509,-250
838,502,-289
853,487,-335
865,462,-352
876,431,-369
880,404,-384
884,392,-384
884,388,-403
895,384,-439
923,370,-460
939,349,-464
941,334,-480
942,305,-507
952,263,-497
941,235,-458
910,248,-432
888,264,-430
888,253,-440
888,220,-482
886,208,-476
880,208,-429
883,208,-374
899,208,-292
917,205,-235
943,193,-204
933,201,-184
908,207,-181
870,202,-150
845,225,-130
805,232,-152
751,233,-159
728,280,-136
704,312,-168
696,351,-176
704,367,-191
704,420,-237
726,439,-225
757,440,-260
795,419,-257
827,416,-236
859,416,-285
890,409,-368
928,408,-403
961,389,-445
980,396,-462
996,400,-446
1011,417,-429
1038,457,-407
1037,494,-438
1016,515,-419
972,500,-395
908,483,-348
847,475,-291
805,467,-304
783,451,-292
780,436,-273
780,428,-280
796,416,-300
820,312,-358
835,289,-356
873,349,-325
877,274,-278
859,303,-134
894,426,-41
889,520,124
867,742,369
885,991,404
927,926,234
953,567,4
938,464,-187
938,381,-311
911,441,-170
868,254,-192
811,-104,-518
768,-297,-725
839,-389,-699
780,-395,-326
754,-225,158
769,-16,429
778,167,664
802,497,887
832,990,1020
832,1200,896
912,1352,784
912,1352,784
1052,1204,838
1109,744,315
1045,377,-397
982,461,-660
969,358,-1123
780,372,-792
854,253,-777
672,225,-624
528,315,-104
402,660,681
395,1209,831
485,1326,365
500,1267,334
485,1059,250
408,800,-6
365,704,-258
302,544,-720
206,428,-813
124,280,-569
72,267,-466
84,418,-671
64,456,-865
36,433,-783
11,390,-626
-16,336,-612
-4,293,-675
4,267,-693
-14,308,-751
-42,357,-840
-72,376,-824
-114,327,-730
-150,248,-648
-168,234,-800
-174,200,-1038
-145,155,-1120
-103,79,-1041
-23,62,-1039
24,68,-1098
26,14,-1145
29,-64,-1092
15,-137,-959
11,-172,-848
25,-152,-857
33,-152,-918
41,-155,-954
47,-175,-898
40,-158,-842
40,-136,-875
32,-136,-928
40,-152,-928
32,-160,-904
16,-160,-927
16,-160,-928
23,-145,-935
17,-144,-921
9,-158,-920
8,-181,-934
1,-184,-922
7,-197,-907
15,-193,-897
3,-173,-896
-6,-174,-915
-20,-188,-890
-18,-192,-886
-16,-198,-882
-16,-206,-891
-11,-203,-891
-8,-211,-877
-8,-231,-841
-3,-270,-794
5,-317,-709
22,-401,-669
28,-493,-757
63,-532,-854
117,-461,-818
112,-268,-520
88,-98,12
103,74,645
67,311,1182
13,560,1544
58,832,1749
99,1144,1863
92,1457,2056
99,1454,1957
160,1004,1486
147,163,451
85,-231,-588
-18,-276,-890
-222,-831,-1543
119,-953,-1364
103,-944,-1100
163,-484,-649
176,-75,84
181,-6,952
190,215,814
69,76,1193
108,429,1762
68,1023,2088
133,1672,1758
230,1781,1703
168,376,1136
-240,-104,-280
-168,-267,-58
-102,-260,-707
-89,-660,-911
-82,-933,-825
-41,-719,-759
2,-232,-543
-34,356,-120
-146,223,322
-159,569,324
-166,373,479
-144,217,1042
-102,299,1742
-34,719,2078
42,1365,1917
50,1642,1756
64,1151,1434
-72,217,314
-212,202,-294
-261,-49,-371
-322,-437,-613
-326,-669,-1014
-228,-798,-1121
-226,-1013,-944
-121,-747,-762
-113,-272,-517
-106,86,-391
-124,159,268
-80,408,716
-54,518,853
-73,260,1123
18,288,1607
32,558,1809
67,1112,1865
41,1447,1725
32,1139,1429
-92,436,712
-221,123,-4
-253,168,-319
-294,-281,-524
-327,-294,-1092
-285,-483,-966
-274,-616,-827
-240,-490,-845
-220,-91,-615
-239,197,-204
-265,269,83
-232,365,241
-150,191,847
-115,170,1633
-42,430,1959
3,1123,1765
3,1561,1538
-18,1332,1129
-88,693,423
-220,321,-185
-246,501,-179
-330,3,-557
-427,-247,-923
-293,-374,-1122
-169,-458,-998
-124,-439,-918
-133,-225,-929
-184,133,-718
-275,363,-313
-219,223,-152
-89,256,-17
-87,230,889
-16,334,1855
40,609,2005
24,1032,1513
-1,1398,1151
17,1267,1000
-46,643,417
-143,318,-117
-143,398,-167
-252,-177,-520
-297,-526,-953
-198,-418,-1195
-101,-366,-1239
-163,-439,-1156
-120,-250,-938
-148,155,-665
-122,288,-421
-97,143,-43
-28,132,516
50,363,1220
96,596,1782
144,683,1756
144,1179,1302
101,1495,1056
72,1310,786
-23,912,343
-122,645,-38
-168,492,-206
-198,250,-362
-285,-81,-770
-309,-46,-873
-204,-257,-901
-92,-299,-1004
-48,-309,-1121
-31,-59,-915
-21,223,-468
-14,284,-21
5,240,325
74,368,590
109,537,1348
208,750,1678
248,924,1463
225,1134,1178
183,1228,1011
145,1121,829
108,923,464
88,760,72
88,584,-16
88,584,-16
80,522,-288
-11,155,-692
14,-147,-973
38,51,-1058
111,-242,-1071
148,-280,-932
186,13,-544
219,237,220
283,376,685
347,349,1084
416,627,1608
468,851,1863
433,1072,1686
382,1342,1476
318,1379,1268
285,1165,1016
312,841,466
308,450,-133
266,222,-410
157,-111,-681
73,-309,-851
181,-375,-940
245,-441,-1043
233,-344,-997
232,-48,-688
228,298,-325
266,423,-37
257,701,387
316,1163,717
416,1300,755
378,1363,744
391,1118,332
304,792,-398
288,784,-546
291,591,-491
229,134,-729
221,59,-655
178,265,-537
217,468,-680
246,492,-739
249,527,-713
292,509,-568
318,591,-713
358,446,-859
400,436,-874
401,473,-835
409,483,-940
424,518,-877
424,488,-824
408,480,-808
400,440,-800
416,409,-808
439,393,-747
447,422,-737
477,490,-729
501,517,-757
490,527,-767
488,555,-748
501,500,-684
511,462,-626
518,405,-572
526,423,-585
546,468,-592
570,486,-639
599,442,-673
614,357,-702
621,296,-755
624,264,-771
619,246,-804
611,250,-819
603,261,-802
609,283,-792
616,265,-765
620,253,-761
624,276,-776
616,248,-740
600,185,-731
585,237,-679
569,367,-612
567,450,-661
570,473,-722
542,449,-778
500,464,-733
469,431,-672
440,340,-656
414,278,-619
394,283,-622
400,320,-654
400,356,-699
411,390,-840
455,374,-749
481,330,-606
495,307,-563
532,318,-581
555,310,-630
583,360,-791
647,440,-836
717,598,-709
678,564,-677
640,496,-765
648,512,-672
624,432,-784
608,401,-768
593,339,-783
555,284,-762
552,295,-753
545,303,-673
551,255,-769
607,255,-818
649,303,-764
682,286,-706
701,242,-626
716,238,-608
750,282,-626
784,290,-650
786,288,-587
790,271,-532
770,242,-504
781,306,-512
797,329,-520
790,320,-540
770,310,-528
741,295,-489
692,292,-548
660,313,-591
648,291,-622
624,204,-620
616,140,-538
613,128,-555
600,160,-606
590,190,-594
570,160,-598
566,145,-593
570,169,-576
557,214,-484
555,254,-463
562,197,-565
584,177,-544
624,244,-470
626,242,-517
639,196,-601
669,174,-568
697,135,-520
744,128,-465
789,126,-560
820,120,-596
851,174,-503
876,166,-418
925,226,-354
994,255,-381
1040,241,-470
1032,288,-415
1024,280,-329
1024,420,-165
1009,416,-190
986,379,-252
984,383,-249
991,384,-219
992,391,-181
985,406,-135
977,415,-135
950,409,-149
931,421,-146
922,461,-82
908,484,-16
904,512,12
910,520,27
906,520,38
909,515,29
917,507,-2
920,489,-47
925,475,-59
928,462,-56
928,433,-47
928,429,-40
937,436,-44
940,432,-69
940,416,-96
940,392,-108
936,380,-105
936,383,-92
926,395,-81
909,403,-75
901,399,-80
896,381,-92
893,379,-109
888,379,-114
886,368,-129
875,361,-114
864,344,-120
866,346,-120
872,356,-122
874,368,-128
883,368,-127
900,371,-120
925,385,-121
955,394,-131
977,409,-151
985,417,-148
992,424,-182
992,424,-152
984,424,-159
968,416,-136
944,416,-128
936,400,-159
928,408,-190
913,408,-214
905,393,-180
890,392,-155
874,392,-145
865,385,-151
851,377,-192
835,369,-180
826,387,-138
836,404,-122
834,414,-132
838,434,-136
846,446,-136
865,448,-175
888,459,-208
907,464,-190
917,454,-186
925,438,-197
923,413,-214
920,391,-233
924,375,-244
928,359,-257
928,344,-256
920,340,-244
904,352,-228
881,349,-209
850,343,-211
825,349,-231
803,347,-243
778,346,-239
768,336,-212
773,333,-195
792,323,-213
832,317,-272
908,321,-326
968,304,-278
998,308,-270
1018,324,-264
1016,341,-289
972,359,-393
909,355,-433
852,370,-438
834,383,-422
855,376,-406
917,373,-393
970,341,-411
990,294,-449
958,247,-463
903,224,-440
849,192,-416
809,176,-408
770,176,-385
746,191,-369
729,207,-353
721,229,-309
720,253,-311
734,276,-312
756,287,-292
767,288,-236
787,288,-268
798,294,-280
800,296,-292
806,284,-278
825,274,-301
865,266,-312
907,264,-334
920,259,-355
930,256,-340
931,266,-308
918,277,-282
926,280,-263
949,289,-243
973,300,-236
996,308,-248
1012,316,-260
1008,320,-283
982,327,-297
942,336,-270
910,343,-235
896,352,-216
896,352,-216
902,355,-213
915,357,-224
923,352,-248
930,352,-232
936,352,-232
936,348,-228
936,328,-218
932,302,-220
918,296,-206
911,297,-204
904,305,-224
903,314,-223
897,328,-216
904,330,-214
903,345,-199
896,353,-190
896,360,-162
896,352,-201
888,352,-224
-944,352,-120
-928,352,-50
-913,344,-139
-897,322,-107
-903,327,-155
-904,328,-181
-918,342,-142
-940,344,-150
-957,351,-132
-967,359,-115
-955,354,-106
-964,340,-85
-962,330,-80
-954,322,-80
-958,320,-80
-949,320,-97
-912,304,-93
-843,275,-93
-785,264,-116
-783,274,-143
-806,290,-152
-821,310,-180
-828,320,-164
-841,337,-171
-869,369,-196
-880,388,-172
-868,407,-175
-849,424,-182
-850,435,-181
-885,458,-208
-920,459,-189
-944,443,-166
-956,451,-167
-976,459,-155
-960,469,-168
-916,485,-174
-888,505,-150
-884,536,-129
-870,560,-96
-860,553,-131
-851,528,-184
-864,527,-238
-859,517,-192
-832,506,-194
-836,520,-214
-864,520,-253
-864,519,-224
-864,514,-225
-866,536,-242
-896,527,-279
-880,504,-256
-880,496,-216
-880,488,-200
-865,488,-230
-857,510,-254
-856,534,-205
-842,550,-157
-826,559,-166
-804,560,-175
-800,560,-169
-820,534,-194
-843,496,-251
-860,482,-239
-882,474,-202
-882,478,-251
-891,480,-289
-918,474,-279
-950,472,-256
-955,472,-237
-952,457,-222
-952,448,-236
-942,453,-234
-936,461,-229
-932,464,-241
-924,455,-270
-912,444,-267
-896,444,-232
-892,440,-212
-889,421,-212
-869,390,-220
-859,365,-234
-874,360,-251
-891,351,-232
-893,324,-207
-891,290,-229
-901,251,-216
-907,219,-195
-887,206,-175
-860,200,-150
-854,194,-148
-874,169,-158
-878,146,-152
-875,159,-149
-887,192,-137
-878,188,-146
-868,166,-160
-898,152,-159
-912,153,-154
-912,161,-174
-912,168,-150
-912,160,-113
-920,152,-160
-928,144,-136
-920,136,-183
-935,113,-108
-921,112,-111
-913,112,-148
-905,98,-159
-911,110,-160
-912,112,-180
-905,125,-164
-884,161,-153
-905,181,-152
-943,178,-202
-976,176,-240
-990,182,-266
-1009,195,-238
-1022,217,-235
-1035,246,-256
-1024,272,-280
-1016,300,-293
-1031,342,-247
-1045,384,-173
-1029,419,-107
-967,432,-71
-889,415,-64
-839,388,-93
-836,376,-116
-844,380,-116
-833,395,-120
-810,415,-145
-795,431,-203
-803,446,-272
-814,456,-299
-836,447,-249
-870,429,-210
-893,416,-166
-876,398,-116
-843,394,-97
-836,404,-120
-856,408,-138
-882,382,-194
-890,376,-198
-903,377,-193
-940,384,-201
-956,384,-206
-933,383,-199
-910,379,-251
-894,402,-271
-871,423,-272
-856,415,-386
-855,391,-416
-831,368,-417
-729,368,-479
-666,438,-628
-626,463,-670
-594,449,-694
-541,390,-703
-493,327,-733
-467,285,-771
-437,246,-796
-405,233,-807
-374,225,-834
-343,230,-821
-311,244,-773
-286,212,-754
-227,171,-864
-179,114,-933
-135,74,-1005
-104,32,-1064
-91,-37,-1106
-83,-69,-1115
-85,-82,-1152
-78,-98,-1157
-67,-132,-1139
-60,-134,-1167
-65,-129,-1201
-84,-128,-1187
-116,-112,-1148
-155,-104,-1124
-183,-115,-1087
-206,-132,-1059
-234,-146,-1042
-261,-183,-994
-283,-192,-984
-288,-155,-949
-283,-155,-861
-262,-144,-826
-235,-142,-859
-226,-136,-848
-228,-134,-848
-212,-126,-856
-164,-39,-714
-60,177,-264
-146,-36,-786
-195,93,-1040
-215,104,-1064
-261,6,-1199
-297,-8,-1175
-304,-8,-1021
-303,-7,-905
-295,10,-807
-272,49,-794
-264,80,-864
-272,96,-968
-295,112,-1185
-304,82,-1222
-319,50,-1269
-305,41,-1163
-311,40,-1016
-305,33,-902
-297,18,-813
-283,9,-753
-260,8,-718
-250,2,-687
-242,-25,-668
-228,-50,-676
-224,-74,-698
-224,-91,-721
-235,-113,-745
-240,-125,-784
-240,-123,-847
-245,-120,-948
-248,-115,-1041
-262,-107,-1105
-281,-109,-1123
-301,-99,-1147
-312,-71,-1203
-312,-56,-1228
-316,-64,-1208
-324,-84,-1142
-328,-103,-1040
-314,-108,-892
-289,-87,-715
-261,-41,-606
-211,1,-589
-161,25,-670
-128,40,-832
-112,40,-1023
-131,38,-1111
-190,32,-1128
-239,34,-1107
-290,44,-1026
-324,61,-938
-336,87,-852
-332,115,-801
-308,128,-764
-286,128,-746
-272,126,-763
-272,112,-784
-273,113,-785
-281,127,-792
-289,120,-795
-304,128,-848
-296,136,-849
-312,152,-911
-296,160,-904
-296,130,-942
-281,121,-959
-273,135,-982
-265,136,-1005
-257,143,-1022
-249,144,-1079
-235,151,-1068
-225,159,-1051
-205,185,-1048
-188,204,-1060
-178,220,-1088
-188,230,-1137
-198,192,-1095
-194,131,-988
-192,80,-871
-187,48,-774
-184,35,-739
-174,17,-696
-168,8,-677
-173,-1,-689
-176,-17,-696
-185,-33,-718
-200,-40,-794
-220,-36,-892
-251,-36,-971
-287,-36,-1015
-322,-25,-1028
-357,-9,-1019
-382,-3,-977
-383,-5,-920
-365,3,-854
-357,11,-805
-349,13,-816
-346,8,-848
-354,10,-859
-360,18,-896
-364,26,-922
-376,37,-935
-378,58,-958
-384,64,-955
-383,64,-972
-375,65,-991
-367,73,-985
-358,81,-994
-344,89,-1008
-342,103,-1008
-320,96,-1007
-312,104,-992
-312,96,-984